,open,high,low,close,adjclose,volume,ticker,adjclose_25,true_adjclose_25,buy_profit,sell_profit
2015-10-02,0.6787829995155334,0.7092040181159973,0.6754819750785828,0.6871709823608398,0.6871709823608398,163326.0,ETH-USD,-17.642477,1.0024800300598145,-18.3296480178833,0.0
2015-10-03,0.6863430142402649,0.6931260228157043,0.6607159972190857,0.668379008769989,0.668379008769989,103497.0,ETH-USD,-17.642637,1.2066600322723389,-18.311016261577606,0.0
2015-10-06,0.6505150198936462,0.6563010215759277,0.6024230122566223,0.609387993812561,0.609387993812561,218327.0,ETH-USD,-17.67269,1.0556700229644775,-18.282077431678772,0.0
2015-10-11,0.6345149874687195,0.6577889919281006,0.6260300278663635,0.6260300278663635,0.6260300278663635,109567.0,ETH-USD,-17.692566,0.9260320067405701,-18.318595945835114,0.0
2015-10-18,0.5176209807395935,0.5215460062026978,0.48099398612976074,0.48901399970054626,0.48901399970054626,243742.0,ETH-USD,-17.81386,0.9040960073471069,-18.30287393927574,0.0
2015-10-24,0.5632069706916809,0.6881920099258423,0.5613830089569092,0.616038978099823,0.616038978099823,635384.0,ETH-USD,-17.805761,0.9555320143699646,-18.421800315380096,0.0
2015-10-26,0.6197429895401001,0.7575169801712036,0.5970979928970337,0.7313169836997986,0.7313169836997986,1089120.0,ETH-USD,-17.756552,0.9249200224876404,-18.48786872625351,0.0
2015-10-28,0.8709380030632019,1.0557899475097656,0.8078569769859314,1.0024800300598145,1.0024800300598145,2373050.0,ETH-USD,-17.570763,0.9680179953575134,0.0,18.573242664337158
2015-11-08,0.9156609773635864,1.0326800346374512,0.9156609773635864,1.0274699926376343,1.0274699926376343,1021460.0,ETH-USD,-17.321291,0.8121430277824402,0.0,18.348760962486267
2015-11-10,1.0012600421905518,1.0530400276184082,0.9209679961204529,0.9343479871749878,0.9343479871749878,854581.0,ETH-USD,-17.290905,0.8624380230903625,0.0,18.225252985954285
2015-11-11,0.9412959814071655,0.945277988910675,0.7297750115394592,0.791828989982605,0.791828989982605,1278580.0,ETH-USD,-17.310701,0.8355000019073486,-18.102530360221863,0.0
2015-11-27,0.882099986076355,0.9000509977340698,0.8606950044631958,0.867950975894928,0.867950975894928,403813.0,ETH-USD,-17.370646,0.8642020225524902,0.0,18.238596498966217
2015-11-28,0.8681020140647888,0.9292929768562317,0.8621219992637634,0.9157029986381531,0.9157029986381531,462464.0,ETH-USD,-17.381388,0.8580769896507263,0.0,18.297090709209442
2015-12-01,0.8783159852027893,0.8867359757423401,0.8539369702339172,0.8748000264167786,0.8748000264167786,652857.0,ETH-USD,-17.394133,0.8546029925346375,0.0,18.26893264055252
2015-12-02,0.8731709718704224,0.878017008304596,0.8189240097999573,0.8212100267410278,0.8212100267410278,506307.0,ETH-USD,-17.403261,0.8563650250434875,-18.22447121143341,0.0
2015-12-09,0.8244540095329285,0.8244540095329285,0.7704880237579346,0.7921670079231262,0.7921670079231262,624221.0,ETH-USD,-17.462278,0.9719049930572511,-18.254445374011993,0.0
2015-12-17,0.9930430054664612,0.9976109862327576,0.9118070006370544,0.9407010078430176,0.9407010078430176,640765.0,ETH-USD,-17.258848,1.0615999698638916,-18.199549198150635,0.0
2015-12-29,0.8438349962234497,0.873054027557373,0.8332319855690002,0.873054027557373,0.873054027557373,215742.0,ETH-USD,-17.424345,1.9726699590682983,-18.297399044036865,0.0
2016-01-02,0.9474009871482849,0.9696369767189026,0.9365599751472473,0.9371240139007568,0.9371240139007568,255504.0,ETH-USD,-17.344276,2.388550043106079,-18.281400442123413,0.0
2016-01-05,0.9531469941139221,0.9705970287322998,0.9465429782867432,0.9501760005950928,0.9501760005950928,219833.0,ETH-USD,-17.299162,2.4450600147247314,-18.249337911605835,0.0
2016-01-21,1.5326999425888062,1.5854899883270264,1.4866900444030762,1.553570032119751,1.553570032119751,1614960.0,ETH-USD,-16.714218,5.2883501052856445,-18.26778817176819,0.0
2016-01-22,1.547029972076416,1.5814599990844727,1.465880036354065,1.501270055770874,1.501270055770874,1567240.0,ETH-USD,-16.660982,4.3152899742126465,-18.162252187728882,0.0
2016-01-26,2.5327401161193848,2.8369901180267334,1.9947700500488281,2.276370048522949,2.276370048522949,13939200.0,ETH-USD,-15.896375,4.341330051422119,-18.172744750976562,0.0
2016-02-11,4.496819972991943,6.292230129241943,4.3383002281188965,6.0131001472473145,6.0131001472473145,26408200.0,ETH-USD,-13.658743,9.552630424499512,-19.6718430519104,0.0
2016-02-16,5.328320026397705,5.474860191345215,4.033840179443359,4.3152899742126465,4.3152899742126465,15889100.0,ETH-USD,-11.917657,13.533300399780273,-16.23294687271118,0.0
2016-02-20,4.682199954986572,4.754059791564941,4.12706995010376,4.341330051422119,4.341330051422119,8631090.0,ETH-USD,-13.001406,12.520899772644041,-17.342735767364502,0.0
2016-02-24,5.604050159454346,6.2364702224731445,5.509250164031982,6.2364702224731445,6.2364702224731445,11426500.0,ETH-USD,-12.212935,10.31980037689209,-18.449405670166016,0.0
2016-03-07,11.428799629211426,11.651900291442871,9.309490203857422,9.552630424499512,9.552630424499512,34085100.0,ETH-USD,-5.7165136,11.663599967956543,-15.269144058227539,0.0
2016-03-09,9.792420387268066,12.054699897766113,9.670989990234375,11.89799976348877,11.89799976348877,27540500.0,ETH-USD,-5.490163,11.618300437927246,0.0,17.38816261291504
2016-03-21,10.30370044708252,12.014900207519531,10.161600112915039,11.864100456237793,11.864100456237793,28572600.0,ETH-USD,-5.192001,8.242779731750488,0.0,17.056101322174072
2016-03-25,11.260299682617188,11.372900009155273,10.527199745178223,10.743200302124023,10.743200302124023,13782000.0,ETH-USD,-4.7773776,8.714879989624023,0.0,15.520577907562256
2016-03-26,10.767900466918945,11.180800437927246,10.589200019836426,10.973999977111816,10.973999977111816,9425480.0,ETH-USD,-4.8711667,8.465789794921875,0.0,15.845166683197021
2016-03-29,11.605299949645996,12.178500175476074,11.469200134277344,11.952899932861328,11.952899932861328,19351200.0,ETH-USD,-4.7683454,8.001350402832031,0.0,16.721245288848877
2016-04-02,11.628299713134766,11.706399917602539,11.508700370788574,11.618300437927246,11.618300437927246,5580550.0,ETH-USD,-4.402317,7.172530174255371,0.0,16.020617485046387
2016-04-05,10.449799537658691,10.970000267028809,10.277299880981445,10.685400009155273,10.685400009155273,16997100.0,ETH-USD,-4.9352713,8.846500396728514,0.0,15.620671272277832
2016-04-09,9.149849891662598,9.224720001220703,7.455639839172363,8.93634033203125,8.93634033203125,42613400.0,ETH-USD,-6.5624514,9.82610034942627,-15.498791694641113,0.0
2016-04-15,8.235879898071289,8.649760246276855,8.114439964294434,8.60949993133545,8.60949993133545,9888460.0,ETH-USD,-8.580704,9.9962797164917,-17.19020366668701,0.0
2016-04-26,7.388390064239502,7.967740058898926,7.319690227508545,7.759970188140869,7.759970188140869,19254500.0,ETH-USD,-9.071707,14.286100387573242,-16.831676959991455,0.0
2016-05-01,8.894240379333496,10.321499824523926,8.850720405578613,10.163200378417969,10.163200378417969,41019200.0,ETH-USD,-8.286751,11.29580020904541,-18.449951171875,0.0
2016-05-05,9.809610366821289,9.952190399169922,9.037010192871094,9.346639633178711,9.346639633178711,21510600.0,ETH-USD,-6.7998867,14.077300071716309,-16.146526336669922,0.0
2016-05-17,12.179300308227539,14.258999824523926,12.179300308227539,13.558600425720215,13.558600425720215,65389900.0,ETH-USD,-4.665396,15.74370002746582,-18.22399663925171,0.0
2016-05-25,12.51609992980957,12.986599922180176,12.059200286865234,12.430399894714355,12.430399894714355,20764000.0,ETH-USD,-2.4347482,11.839500427246094,0.0,14.865148067474365
2016-05-27,11.333200454711914,12.363300323486328,10.37339973449707,11.892900466918945,11.892900466918945,47274800.0,ETH-USD,-3.5187845,13.095100402832031,-15.4116849899292,0.0
2016-06-04,13.762499809265137,14.072199821472168,13.56779956817627,13.975000381469727,13.975000381469727,11088400.0,ETH-USD,-1.8329382,12.46150016784668,0.0,15.807938575744629
2016-06-08,14.4306001663208,14.56719970703125,14.340200424194336,14.398599624633789,14.398599624633789,8256830.0,ETH-USD,-1.2326493,11.470999717712402,0.0,15.631248950958252
2016-06-17,15.378600120544434,15.378600120544434,9.963640213012695,11.330699920654297,11.330699920654297,133937000.0,ETH-USD,3.110052,10.500499725341797,0.0,8.220647811889648
2016-06-18,11.1673002243042,13.182100296020508,10.635600090026855,12.234199523925781,12.234199523925781,69783600.0,ETH-USD,1.4101102,11.513199806213379,0.0,10.824089288711548
2016-06-21,13.199700355529785,15.785599708557129,13.095100402832031,13.095100402832031,13.095100402832031,96994096.0,ETH-USD,-2.4827168,11.158699989318848,0.0,15.57781720161438
2016-06-27,13.927599906921387,13.981499671936035,11.718000411987305,12.175600051879883,12.175600051879883,43436600.0,ETH-USD,-2.1606047,14.299699783325195,-14.336204767227173,0.0
2016-07-04,11.45740032196045,11.517800331115723,9.57625961303711,10.61139965057373,10.61139965057373,45526900.0,ETH-USD,-4.40639,12.461000442504883,-15.017789840698242,0.0
2016-07-09,10.960399627685547,11.013699531555176,10.78219985961914,10.947600364685059,10.947600364685059,5479240.0,ETH-USD,-5.4805794,11.042799949645996,-16.42817974090576,0.0
2016-07-11,10.446999549865723,10.76200008392334,10.425800323486328,10.51609992980957,10.51609992980957,11127700.0,ETH-USD,-5.530437,10.881099700927734,-16.046536922454834,0.0
2016-07-24,12.743399620056152,13.857000350952148,12.683799743652344,13.836099624633789,13.836099624633789,36673800.0,ETH-USD,-1.9100721,10.748700141906738,0.0,15.746171712875366
2016-07-26,12.05049991607666,13.31190013885498,11.835700035095215,12.972800254821777,12.972800254821777,58278800.0,ETH-USD,-2.170739,11.179200172424316,0.0,15.143539190292358
2016-07-28,12.836400032043457,12.870599746704102,12.554200172424316,12.794599533081055,12.794599533081055,14082300.0,ETH-USD,-2.7438152,11.030599594116211,0.0,15.538414716720581
2016-08-02,8.876799583435059,10.418000221252441,8.876799583435059,10.293899536132812,10.293899536132812,53979400.0,ETH-USD,-5.1861553,10.929300308227539,-15.48005485534668,0.0
2016-08-08,11.2746000289917,12.45460033416748,11.199999809265137,12.24429988861084,12.24429988861084,36656600.0,ETH-USD,-5.2574954,11.758700370788574,0.0,17.501795291900635
2016-08-09,12.2298002243042,12.457799911499023,11.982500076293945,12.143199920654297,12.143199920654297,28096300.0,ETH-USD,-4.789772,11.679900169372559,0.0,16.932971954345703
2016-08-10,12.138199806213379,12.27239990234375,11.63379955291748,11.690899848937988,11.690899848937988,17505000.0,ETH-USD,-4.4360666,11.717000007629395,-16.12696647644043,0.0
2016-08-18,10.746299743652344,10.80109977722168,10.727899551391602,10.748700141906738,10.748700141906738,5390850.0,ETH-USD,-5.236172,11.918700218200684,-15.984872341156006,0.0
2016-08-27,11.147000312805176,11.147000312805176,10.920000076293945,10.929300308227539,10.929300308227539,5303040.0,ETH-USD,-4.88987,13.247599601745605,-15.819170475006104,0.0
2016-08-30,11.23859977722168,11.68019962310791,11.183899879455566,11.67240047454834,11.67240047454834,11073700.0,ETH-USD,-4.9113526,13.100899696350098,-16.58375310897827,0.0
2016-09-02,12.112899780273438,12.36359977722168,11.347200393676758,11.758700370788574,11.758700370788574,13358800.0,ETH-USD,-4.1980844,13.274800300598145,-15.956784725189209,0.0
2016-09-03,11.75409984588623,11.793600082397461,11.473899841308594,11.679900169372559,11.679900169372559,7220550.0,ETH-USD,-4.1251626,13.073399543762207,-15.805062770843506,0.0
2016-09-04,11.680500030517578,11.806599617004395,11.593999862670898,11.717000007629395,11.717000007629395,5724100.0,ETH-USD,-4.122172,13.224800109863281,-15.839171886444092,0.0
2016-09-07,11.54580020904541,11.701399803161621,11.252400398254395,11.34589958190918,11.34589958190918,11535000.0,ETH-USD,-4.3206234,13.452400207519531,-15.666522979736328,0.0
2016-09-12,11.888699531555176,12.085599899291992,11.880800247192383,11.918700218200684,11.918700218200684,11704300.0,ETH-USD,-4.156704,12.219099998474121,-16.075404167175293,0.0
2016-09-22,13.208000183105469,13.446900367736816,13.10159969329834,13.331299781799316,13.331299781799316,9166430.0,ETH-USD,-2.076415,12.588500022888184,0.0,15.40771484375
2016-09-27,13.107399940490723,13.483799934387207,13.081299781799316,13.274800300598145,13.274800300598145,10239000.0,ETH-USD,-2.64214,12.03600025177002,0.0,15.916940212249756
2016-09-28,13.276800155639648,13.336099624633789,13.073399543762207,13.073399543762207,13.073399543762207,5990630.0,ETH-USD,-2.6383104,11.968999862670898,0.0,15.711709976196289
2016-10-01,13.18019962310791,13.295900344848633,13.143099784851074,13.199700355529785,13.199700355529785,4079660.0,ETH-USD,-2.5701728,11.499699592590332,0.0,15.769873142242432
2016-10-05,13.026300430297852,13.143600463867188,12.686800003051758,12.854299545288086,12.854299545288086,12044800.0,ETH-USD,-2.4764957,10.99820041656494,0.0,15.330795288085938
2016-10-10,11.762399673461914,12.160900115966797,11.751299858093262,11.785699844360352,11.785699844360352,11727700.0,ETH-USD,-3.6944232,11.0024995803833,0.0,15.480123043060303
2016-10-15,11.98169994354248,12.009699821472168,11.933199882507324,11.951600074768066,11.951600074768066,3617280.0,ETH-USD,-4.0850444,10.524499893188477,0.0,16.036644458770752
2016-10-16,11.955599784851074,12.033900260925293,11.861300468444824,12.005000114440918,12.005000114440918,5724440.0,ETH-USD,-4.063218,10.289899826049805,0.0,16.068218231201172
2016-10-17,11.99590015411377,12.927800178527832,11.99590015411377,12.588500022888184,12.588500022888184,18864200.0,ETH-USD,-3.9204226,9.877960205078125,0.0,16.508922576904297
2016-10-18,12.592599868774414,12.619099617004395,11.908499717712402,12.022600173950195,12.022600173950195,10576200.0,ETH-USD,-3.7882402,10.101499557495117,0.0,15.810840368270874
2016-10-23,12.037199974060059,12.100700378417969,11.909099578857422,11.968999862670898,11.968999862670898,5739690.0,ETH-USD,-3.7978954,9.476160049438477,0.0,15.766895294189453
2016-10-24,11.967599868774414,11.993399620056152,11.147500038146973,11.413999557495117,11.413999557495117,19316000.0,ETH-USD,-3.9198873,9.662759780883789,0.0,15.333886861801147
2016-10-25,11.384099960327148,11.662500381469727,11.384099960327148,11.531999588012695,11.531999588012695,10221800.0,ETH-USD,-4.0931783,9.579279899597168,0.0,15.62517786026001
2016-10-27,11.474900245666504,11.578399658203125,10.953900337219238,11.085100173950195,11.085100173950195,13971500.0,ETH-USD,-4.440603,9.905719757080078,0.0,15.525702953338623
2016-10-28,11.100299835205078,11.19849967956543,9.56326961517334,10.444600105285645,10.444600105285645,27070400.0,ETH-USD,-4.738062,9.843620300292969,0.0,15.182662010192871
2016-10-31,11.229599952697754,11.498499870300293,10.935199737548828,10.998200416564941,10.998200416564941,13393900.0,ETH-USD,-5.082224,9.402050018310547,0.0,16.080424308776855
2016-11-13,9.887649536132812,10.412699699401855,9.84175968170166,10.101499557495117,10.101499557495117,8227770.0,ETH-USD,-5.954284,8.230509757995605,0.0,16.05578374862671
2016-11-14,10.098199844360352,10.157099723815918,9.956040382385254,9.966480255126953,9.966480255126953,3573250.0,ETH-USD,-6.116123,8.446009635925293,0.0,16.082603454589844
2016-11-22,9.625760078430176,10.238800048828125,9.591099739074707,9.905719757080078,9.905719757080078,11284400.0,ETH-USD,-6.728267,7.876589775085449,0.0,16.633986949920654
2016-12-03,7.766329765319824,8.151169776916504,7.668240070343018,7.921339988708496,7.921339988708496,12112100.0,ETH-USD,-8.450618,7.520110130310059,0.0,16.371957778930664
2016-12-07,7.894830226898193,8.540840148925781,7.328440189361572,8.38148021697998,8.38148021697998,22229600.0,ETH-USD,-9.253942,8.17257022857666,0.0,17.635421752929688
2016-12-15,8.235329627990723,8.235329627990723,7.722410202026367,7.828470230102539,7.828470230102539,13184400.0,ETH-USD,-8.397038,10.325599670410156,-16.22550868988037,0.0
2016-12-20,7.6336798667907715,7.7459001541137695,7.571599960327148,7.660039901733398,7.660039901733398,6313550.0,ETH-USD,-9.043084,9.646659851074219,-16.703124046325684,0.0
2016-12-24,7.1524200439453125,7.405429840087891,7.1524200439453125,7.265769958496094,7.265769958496094,7626020.0,ETH-USD,-9.305372,10.227800369262695,-16.571142196655273,0.0
2016-12-29,7.539130210876465,8.527409553527832,7.539130210876465,8.284159660339355,8.284159660339355,27543800.0,ETH-USD,-9.477633,10.820799827575684,-17.76179313659668,0.0
2016-12-31,8.15114974975586,8.158559799194336,7.909379959106445,7.969099998474121,7.969099998474121,9066800.0,ETH-USD,-8.970155,10.570500373840332,-16.939254760742188,0.0
2017-01-05,11.286800384521484,11.890899658203125,9.402680397033691,10.254400253295898,10.254400253295898,41557400.0,ETH-USD,-6.831512,10.571200370788574,-17.085912227630615,0.0
2017-01-12,9.721389770507812,10.083999633789062,9.175580024719238,9.861330032348633,9.861330032348633,30453800.0,ETH-USD,-6.0501337,11.389399528503418,-15.911463737487793,0.0
2017-01-14,9.786450386047363,9.890839576721191,9.44398021697998,9.646659851074219,9.646659851074219,20085800.0,ETH-USD,-6.4264956,11.43120002746582,-16.073155403137207,0.0
2017-01-16,9.883529663085938,9.925919532775879,9.583569526672363,9.636500358581543,9.636500358581543,14937400.0,ETH-USD,-6.641993,11.278900146484375,-16.278493404388428,0.0
2017-01-18,10.29640007019043,10.516799926757812,9.935290336608887,10.227800369262695,10.227800369262695,10788200.0,ETH-USD,-6.5202446,11.399200439453125,-16.748044967651367,0.0
2017-01-22,10.910099983215332,10.971799850463867,10.576299667358398,10.703200340270996,10.703200340270996,8678620.0,ETH-USD,-5.740248,12.90369987487793,-16.443448543548584,0.0
2017-01-27,10.584099769592285,10.607000350952148,10.442299842834473,10.537300109863281,10.537300109863281,7189170.0,ETH-USD,-5.565384,12.668399810791016,-16.102684020996094,0.0
2017-01-28,10.538299560546875,10.583200454711914,10.429300308227539,10.5649995803833,10.5649995803833,6580700.0,ETH-USD,-5.6168785,12.599699974060059,-16.181878089904785,0.0
2017-02-03,10.8125,11.114500045776367,10.755000114440918,11.114500045776367,11.114500045776367,12897800.0,ETH-USD,-5.4506636,15.81719970703125,-16.565163612365723,0.0
2017-02-08,11.540200233459473,11.630399703979492,11.243399620056152,11.43120002746582,11.43120002746582,9688630.0,ETH-USD,-4.6391296,19.30229949951172,-16.070329666137695,0.0
2017-02-12,11.353300094604492,11.401300430297852,11.303999900817871,11.399200439453125,11.399200439453125,6264900.0,ETH-USD,-4.7352266,17.754699707031246,-16.134427070617676,0.0
2017-02-15,13.03969955444336,13.03969955444336,12.637100219726562,12.919699668884277,12.919699668884277,18464700.0,ETH-USD,-4.039072,23.437700271606445,-16.95877170562744,0.0
2017-02-22,12.687199592590332,12.762499809265137,12.552599906921387,12.599699974060059,12.599699974060059,10360900.0,ETH-USD,-3.0780742,44.7401008605957,-15.67777419090271,0.0
2017-03-01,15.847200393676758,17.3710994720459,15.558899879455566,17.349700927734375,17.349700927734375,44927500.0,ETH-USD,-0.15722215,50.52159881591797,-17.50692307949066,0.0
2017-03-05,18.50279998779297,19.423200607299805,18.2322998046875,19.30229949951172,19.30229949951172,26816300.0,ETH-USD,4.24694,52.2057991027832,-15.055359363555908,0.0
2017-03-08,18.88249969482422,18.88249969482422,16.65130043029785,16.65130043029785,16.65130043029785,44304600.0,ETH-USD,4.7105904,48.74869918823242,-11.940710067749023,0.0
2017-03-12,21.46489906311035,23.437700271606445,21.379499435424805,23.437700271606445,23.437700271606445,74628896.0,ETH-USD,5.331096,43.24209976196289,-18.10660409927368,0.0
2017-03-13,23.504899978637695,30.60379981994629,23.504899978637695,28.592899322509766,28.592899322509766,255488000.0,ETH-USD,7.710282,42.16260147094727,-20.882617473602295,0.0
2017-03-16,35.3572998046875,47.1697998046875,35.3572998046875,46.34579849243164,46.34579849243164,454417984.0,ETH-USD,19.172962,43.43519973754883,0.0,27.172836303710938
2017-03-18,46.87419891357422,46.87419891357422,31.70210075378418,34.16019821166992,34.16019821166992,262180000.0,ETH-USD,29.665216,46.28730010986328,-4.49498176574707,0.0
2017-03-26,50.769901275634766,51.80289840698242,49.28390121459961,50.52159881591797,50.52159881591797,106859000.0,ETH-USD,40.478203,48.22439956665039,0.0,10.04339599609375
2017-03-27,49.71039962768555,50.956298828125,49.14509963989258,50.774898529052734,50.774898529052734,97745296.0,ETH-USD,41.236286,48.553001403808594,0.0,9.538612365722656
2017-03-29,53.1245002746582,53.31399917602539,51.866798400878906,52.2057991027832,52.2057991027832,86885696.0,ETH-USD,42.833054,50.03150177001953,0.0,9.372745513916016
2017-04-07,41.79840087890625,45.205299377441406,41.73080062866211,44.307098388671875,44.307098388671875,74138800.0,ETH-USD,33.783615,79.71820068359375,-10.523483276367188,0.0
2017-04-12,46.31060028076172,50.91379928588867,46.31060028076172,50.219398498535156,50.219398498535156,157200000.0,ETH-USD,34.837223,91.42040252685547,-15.38217544555664,0.0
2017-05-07,93.74700164794922,95.13690185546875,89.51460266113281,91.42040252685547,91.42040252685547,231344000.0,ETH-USD,92.9486,223.77499389648438,1.5281982421875,0.0
2017-05-12,88.69439697265625,93.81230163574219,86.66020202636719,90.83540344238281,90.83540344238281,88742200.0,ETH-USD,88.67322,258.0710144042969,-2.1621856689453125,0.0
2017-05-20,127.53700256347656,159.0260009765625,125.88899993896484,157.93699645996094,157.93699645996094,570361024.0,ETH-USD,119.12902,361.9330139160156,-38.80797576904297,0.0
2017-05-23,182.6490020751953,228.37399291992188,182.44700622558594,190.04600524902344,190.04600524902344,561014016.0,ETH-USD,176.84982,371.4580078125,-13.196182250976562,0.0
2017-06-09,282.0140075683594,350.260986328125,282.0140075683594,337.6679992675781,337.6679992675781,1611629952.0,ETH-USD,287.70273,268.77398681640625,0.0,49.96527099609375
2017-06-13,397.5889892578125,399.3240051269531,342.2149963378906,359.0530090332031,359.0530090332031,1272579968.0,ETH-USD,385.49994,242.13699340820312,0.0,-26.446929931640625
2017-06-16,369.88299560546875,379.41400146484375,364.00201416015625,379.41400146484375,379.41400146484375,904652992.0,ETH-USD,390.3004,230.7740020751953,0.0,-10.88641357421875
2017-06-22,336.4849853515625,348.0060119628906,334.989990234375,341.739013671875,341.739013671875,593206976.0,ETH-USD,358.72983,234.39100646972656,0.0,-16.990814208984375
2017-06-24,323.46600341796875,332.7919921875,284.64599609375,303.24798583984375,303.24798583984375,1186880000.0,ETH-USD,340.82455,227.2649993896484,0.0,-37.576568603515625
2017-06-28,328.3659973144531,330.7080078125,297.37298583984375,302.88299560546875,302.88299560546875,1508579968.0,ETH-USD,311.53427,224.71099853515625,0.0,-8.651275634765625
2017-07-05,268.8580017089844,278.47601318359375,265.5119934082031,270.54901123046875,270.54901123046875,623080000.0,ETH-USD,285.18353,203.87100219726562,0.0,-14.634521484375
2017-07-16,159.99099731445312,194.7530059814453,158.04400634765625,193.4239959716797,193.4239959716797,1669500032.0,ETH-USD,191.25,308.864013671875,-2.1739959716796875,0.0
2017-07-18,234.9409942626953,245.6510009765625,191.7449951171875,199.7030029296875,199.7030029296875,2328790016.0,ETH-USD,209.1182,298.0639953613281,9.415191650390625,0.0
2017-07-30,197.40499877929688,203.87100219726562,193.41099548339844,203.87100219726562,203.87100219726562,569414016.0,ETH-USD,206.66527,331.9150085449219,2.7942657470703125,0.0
2017-07-31,204.68800354003906,227.74400329589844,204.68800354003906,226.7689971923828,226.7689971923828,1585330048.0,ETH-USD,211.00098,333.8819885253906,-15.768020629882812,0.0
2017-08-06,261.23699951171875,271.9630126953125,256.6889953613281,269.17999267578125,269.17999267578125,935726976.0,ETH-USD,259.8623,387.7409973144531,-9.31768798828125,0.0
2017-08-10,294.4949951171875,309.2090148925781,294.4949951171875,308.864013671875,308.864013671875,953576000.0,ETH-USD,311.13898,312.9880065917969,2.27496337890625,0.0
2017-08-15,289.8190002441406,303.4129943847656,285.385009765625,302.2669982910156,302.2669982910156,967643008.0,ETH-USD,314.46448,288.7470092773437,0.0,-12.197479248046875
2017-08-17,301.6969909667969,307.9599914550781,292.4989929199219,295.5899963378906,295.5899963378906,936160000.0,ETH-USD,311.8659,291.4639892578125,0.0,-16.275909423828125
2017-08-18,296.1809997558594,301.6669921875,286.1830139160156,297.4700012207031,297.4700012207031,860201984.0,ETH-USD,310.0848,277.11199951171875,0.0,-12.61480712890625
2017-08-29,369.4729919433594,388.74798583984375,361.97100830078125,378.4849853515625,378.4849853515625,1333319936.0,ETH-USD,365.11935,282.4830017089844,0.0,13.365631103515625
2017-09-02,350.22900390625,366.48699951171875,332.23199462890625,347.4840087890625,347.4840087890625,986265984.0,ETH-USD,381.90778,299.1549987792969,0.0,-34.42376708984375
2017-09-10,289.7449951171875,300.68798828125,286.68499755859375,294.5320129394531,294.5320129394531,571307008.0,ETH-USD,304.73285,308.5880126953125,10.200836181640625,0.0
2017-09-15,250.86599731445312,262.5929870605469,238.22300720214844,246.52200317382812,246.52200317382812,711737024.0,ETH-USD,265.26282,303.45599365234375,18.740814208984375,0.0
2017-09-18,293.656005859375,295.76800537109375,274.4840087890625,282.8039855957031,282.8039855957031,646908992.0,ETH-USD,269.8731,339.62799072265625,-12.930877685546875,0.0
2017-09-25,292.34600830078125,293.75,287.0199890136719,287.43798828125,287.43798828125,345800992.0,ETH-USD,293.0066,300.18701171875,5.568603515625,0.0
2017-10-01,302.48199462890625,302.9200134277344,294.5820007324219,297.4750061035156,297.4750061035156,339443008.0,ETH-USD,308.03348,297.4230041503906,0.0,-10.5584716796875
2017-10-06,308.8919982910156,313.1300048828125,304.9750061035156,311.1239929199219,311.1239929199219,342204992.0,ETH-USD,307.5404,291.6940002441406,0.0,3.583587646484375
2017-10-07,311.0589904785156,312.5419921875,308.02801513671875,308.6080017089844,308.6080017089844,293167008.0,ETH-USD,310.90274,287.4289855957031,0.0,-2.29473876953125
2017-10-09,297.60101318359375,306.15399169921875,293.1730041503906,299.8699951171875,299.8699951171875,359705984.0,ETH-USD,311.87024,300.468994140625,12.000244140625,0.0
2017-10-12,304.0790100097656,348.59600830078125,299.6570129394531,338.7569885253906,338.7569885253906,1304359936.0,ETH-USD,317.36816,294.65899658203125,0.0,21.388824462890625
2017-10-13,338.85198974609375,347.9750061035156,334.697998046875,339.62799072265625,339.62799072265625,516561984.0,ETH-USD,326.55585,309.07000732421875,0.0,13.0721435546875
2017-10-16,333.4840087890625,333.4840087890625,311.7869873046875,317.0820007324219,317.0820007324219,509924000.0,ETH-USD,342.14584,314.6809997558594,0.0,-25.0638427734375
2017-10-17,316.9440002441406,317.2359924316406,290.635986328125,314.3190002441406,314.3190002441406,606113984.0,ETH-USD,338.16473,307.9079895019531,0.0,-23.845733642578125
2017-10-24,298.43701171875,301.8489990234375,290.7179870605469,297.92498779296875,297.92498779296875,325040000.0,ETH-USD,302.1958,354.385986328125,4.27081298828125,0.0
2017-10-25,298.0220031738281,301.0660095214844,295.2229919433594,296.5270080566406,296.5270080566406,270272992.0,ETH-USD,301.83813,366.7300109863281,5.311126708984375,0.0
2017-10-27,297.9150085449219,300.35699462890625,293.5849914550781,296.2980041503906,296.2980041503906,264424000.0,ETH-USD,302.32916,380.6520080566406,6.031158447265625,0.0
2017-10-30,304.7820129394531,310.4960021972656,304.35198974609375,307.7510070800781,307.7510070800781,331441984.0,ETH-USD,307.51578,474.9110107421875,-0.2352294921875,0.0
2017-11-02,290.7250061035156,293.9070129394531,281.1719970703125,287.4289855957031,287.4289855957031,904900992.0,ETH-USD,309.14752,480.3550109863281,21.718536376953125,0.0
2017-11-03,288.49700927734375,308.31298828125,287.6929931640625,305.71099853515625,305.71099853515625,646339968.0,ETH-USD,308.01978,472.9020080566406,2.30877685546875,0.0
2017-11-08,294.27099609375,318.7019958496094,293.1029968261719,309.07000732421875,309.07000732421875,967955968.0,ETH-USD,308.7277,465.8529968261719,-0.342315673828125,0.0
2017-11-09,308.6449890136719,329.4519958496094,307.0559997558594,320.8840026855469,320.8840026855469,893249984.0,ETH-USD,313.6093,470.2040100097657,-7.274688720703125,0.0
2017-11-21,367.4429931640625,372.4700012207031,350.6929931640625,360.4010009765625,360.4010009765625,949912000.0,ETH-USD,363.68185,696.208984375,3.280853271484375,0.0
2017-11-22,360.31201171875,381.4200134277344,360.1470031738281,380.6520080566406,380.6520080566406,800819008.0,ETH-USD,370.2205,719.9749755859375,-10.4315185546875,0.0
2017-11-25,475.6759948730469,485.1919860839844,461.0530090332031,466.2760009765625,466.2760009765625,1422080000.0,ETH-USD,430.8073,819.0859985351562,-35.46868896484375,0.0
2017-11-28,480.51800537109375,482.4800109863281,466.34698486328125,472.9020080566406,472.9020080566406,1346499968.0,ETH-USD,478.68872,719.3870239257812,5.786712646484375,0.0
2017-11-29,473.281005859375,522.3070068359375,425.0710144042969,427.52301025390625,427.52301025390625,2675940096.0,ETH-USD,483.3102,694.1480102539062,55.787200927734375,0.0
2017-11-30,431.2149963378906,465.49700927734375,401.2430114746094,447.114013671875,447.114013671875,1903040000.0,ETH-USD,478.4001,765.833984375,31.28607177734375,0.0
2017-12-06,462.60400390625,462.7080078125,420.2099914550781,428.5880126953125,428.5880126953125,1998259968.0,ETH-USD,462.6814,756.7329711914064,34.0933837890625,0.0
2017-12-10,472.78900146484375,472.78900146484375,429.5140075683594,441.72100830078125,441.72100830078125,1404179968.0,ETH-USD,458.6179,980.9219970703125,16.896881103515625,0.0
2017-12-11,440.3580017089844,516.968994140625,439.10400390625,515.135986328125,515.135986328125,1771440000.0,ETH-USD,464.8231,997.719970703125,-50.312896728515625,0.0
2017-12-14,700.593994140625,753.1209716796875,664.989013671875,695.8159790039062,695.8159790039062,3821580032.0,ETH-USD,608.6609,1148.530029296875,-87.15509033203125,0.0
2017-12-16,686.1920166015625,718.385009765625,680.7860107421875,696.208984375,696.208984375,2165690112.0,ETH-USD,670.85596,1255.8199462890625,-25.35302734375,0.0
2017-12-31,712.2119750976562,760.3480224609375,710.1190185546875,756.7329711914062,756.7329711914062,2554269952.0,ETH-USD,698.51263,1056.030029296875,-58.2203369140625,0.0
2018-01-06,995.1539916992188,1060.7099609375,994.6220092773438,1041.6800537109375,1041.6800537109375,4662219776.0,ETH-USD,904.1079,1118.31005859375,-137.5721435546875,0.0
2018-01-19,1028.8199462890625,1093.219970703125,1003.7100219726562,1039.0999755859375,1039.0999755859375,4084450048.0,ETH-USD,971.2828,845.2579956054688,0.0,67.81719970703125
2018-01-20,1044.949951171875,1167.1099853515625,1044.949951171875,1155.1500244140625,1155.1500244140625,3975190016.0,ETH-USD,952.21216,923.5609741210938,0.0,202.9378662109375
2018-01-21,1155.6800537109375,1155.6800537109375,1021.5,1049.5799560546875,1049.5799560546875,3378089984.0,ETH-USD,942.38324,936.9760131835938,0.0,107.19671630859375
2018-01-23,1004.1699829101562,1023.22998046875,920.5399780273438,986.22900390625,986.22900390625,3556699904.0,ETH-USD,906.7026,974.114990234375,0.0,79.52642822265625
2018-02-05,834.9580078125,856.64599609375,644.5989990234375,697.9509887695312,697.9509887695312,4269530112.0,ETH-USD,811.09955,856.85302734375,113.1485595703125,0.0
2018-02-09,818.47998046875,884.0040283203125,788.833984375,883.864990234375,883.864990234375,2495820032.0,ETH-USD,723.34216,816.9509887695312,0.0,160.5228271484375
2018-02-10,882.4669799804688,917.4000244140625,825.5770263671875,860.4149780273438,860.4149780273438,2930530048.0,ETH-USD,740.0024,752.8309936523439,0.0,120.41259765625
2018-02-19,921.6680297851562,957.7769775390625,921.5540161132812,943.864990234375,943.864990234375,2169019904.0,ETH-USD,845.7969,601.666015625,0.0,98.068115234375
2018-02-24,861.593017578125,879.531005859375,818.5499877929688,840.5150146484375,840.5150146484375,1926579968.0,ETH-USD,772.5928,561.7319946289062,0.0,67.9222412109375
2018-02-26,845.2780151367188,880.3920288085938,842.3189697265625,869.3150024414062,869.3150024414062,2044480000.0,ETH-USD,759.03424,539.6190185546875,0.0,110.28076171875
2018-02-28,877.9340209960938,890.1079711914062,855.1240234375,855.198974609375,855.198974609375,1963980032.0,ETH-USD,767.40906,524.2869873046875,0.0,87.7899169921875
2018-03-01,856.0120239257812,880.302001953125,851.9199829101562,872.2000122070312,872.2000122070312,1868519936.0,ETH-USD,770.4002,489.95098876953125,0.0,101.7998046875
2018-03-02,871.7639770507812,876.3779907226562,852.4219970703125,856.85302734375,856.85302734375,1894419968.0,ETH-USD,771.9867,450.1159973144531,0.0,84.8663330078125
2018-03-06,853.8170166015625,853.8170166015625,809.9310302734375,816.9509887695312,816.9509887695312,1943069952.0,ETH-USD,764.1684,396.4570007324219,0.0,52.7825927734375
2018-03-07,816.27099609375,825.6069946289062,726.5469970703125,752.8309936523438,752.8309936523438,2175419904.0,ETH-USD,749.37915,379.60699462890625,0.0,3.45184326171875
2018-03-13,698.1530151367188,713.7349853515625,682.3499755859375,690.8270263671875,690.8270263671875,1425959936.0,ETH-USD,646.14716,385.3139953613281,0.0,44.67987060546875
2018-03-15,614.8389892578125,620.6160278320312,579.5050048828125,611.3040161132812,611.3040161132812,1770460032.0,ETH-USD,615.92334,398.5260009765625,0.0,-4.61932373046875
2018-03-17,601.677978515625,609.1510009765625,549.0960083007812,552.7789916992188,552.7789916992188,1267810048.0,ETH-USD,578.66394,430.5400085449219,0.0,-25.88494873046875
2018-03-18,551.6400146484375,551.6400146484375,460.0880126953125,538.6439819335938,538.6439819335938,2685499904.0,ETH-USD,555.8075,492.9410095214844,0.0,-17.16351318359375
2018-03-25,522.7030029296875,535.8209838867188,515.6589965820312,524.2869873046875,524.2869873046875,1151170048.0,ETH-USD,512.43744,615.7180175781249,-11.84954833984375,0.0
2018-03-28,448.07501220703125,450.81298828125,385.81298828125,385.9679870605469,385.9679870605469,1970230016.0,ETH-USD,461.48074,642.5479736328125,75.51275634765625,0.0
2018-04-05,382.7309875488281,385.19500732421875,366.9110107421875,370.2850036621094,370.2850036621094,967105984.0,ETH-USD,387.25473,673.6129760742186,16.9697265625,0.0
2018-04-14,502.8800048828125,531.7020263671875,502.8800048828125,531.7020263671875,531.7020263671875,1726089984.0,ETH-USD,494.71835,727.2769775390625,-36.983673095703125,0.0
2018-04-18,524.0380249023438,567.8889770507812,523.2620239257812,567.8889770507812,567.8889770507812,2256869888.0,ETH-USD,528.93286,730.5490112304688,-38.95611572265625,0.0
2018-04-22,621.198974609375,646.7000122070312,621.0349731445312,642.5479736328125,642.5479736328125,2386830080.0,ETH-USD,601.31525,694.3670043945312,-41.23272705078125,0.0
2018-05-04,784.5830078125,827.4550170898438,784.2369995117188,816.1199951171875,816.1199951171875,3035040000.0,ETH-USD,717.4954,559.5900268554688,0.0,98.62457275390625
2018-05-07,755.0089721679688,774.2490234375,728.1290283203125,752.8569946289062,752.8569946289062,2920489984.0,ETH-USD,743.2602,591.8079833984375,0.0,9.5968017578125
2018-05-09,752.5789794921875,766.7479858398438,726.6640014648438,727.2769775390625,727.2769775390625,2748950016.0,ETH-USD,725.50415,592.9849853515625,0.0,1.7728271484375
2018-05-16,708.718017578125,718.8330078125,668.833984375,672.656982421875,672.656982421875,2350619904.0,ETH-USD,667.05176,533.2839965820312,0.0,5.605224609375
2018-05-26,588.52001953125,590.3280029296875,562.8660278320312,572.6680297851562,572.6680297851562,1788790016.0,ETH-USD,571.4074,527.3670043945312,0.0,1.2606201171875
2018-06-02,591.2589721679688,624.5130004882812,591.2589721679688,618.3289794921875,618.3289794921875,1832550016.0,ETH-USD,564.0453,422.364990234375,0.0,54.28369140625
2018-06-11,532.7100219726562,538.9550170898438,491.2349853515625,496.8429870605469,496.8429870605469,1932760064.0,ETH-USD,542.3093,491.6600036621094,0.0,-45.466339111328125
2018-06-19,538.5059814453125,541.0150146484375,519.3690185546875,536.2680053710938,536.2680053710938,1596290048.0,ETH-USD,506.7603,449.8500061035156,0.0,29.5076904296875
2018-06-20,536.447021484375,543.7169799804688,524.2589721679688,527.3670043945312,527.3670043945312,1462070016.0,ETH-USD,514.476,480.6579895019531,0.0,12.8909912109375
2018-06-21,527.1939697265625,527.1939697265625,456.87701416015625,465.8169860839844,465.8169860839844,2226030080.0,ETH-USD,513.46533,501.0020141601563,47.648345947265625,0.0
2018-06-22,466.27398681640625,479.1289978027344,462.39300537109375,474.5199890136719,474.5199890136719,1651379968.0,ETH-USD,504.0571,480.51300048828125,29.537109375,0.0
2018-07-05,474.35699462890625,479.6520080566406,457.614990234375,474.0119934082031,474.0119934082031,1627609984.0,ETH-USD,472.26028,433.86700439453125,0.0,1.751708984375
2018-07-13,434.510986328125,439.4339904785156,431.4739990234375,436.08599853515625,436.08599853515625,1235820032.0,ETH-USD,443.2753,356.6130065917969,0.0,-7.189300537109375
2018-07-19,469.3070068359375,469.3070068359375,443.6929931640625,450.697998046875,450.697998046875,1821350016.0,ETH-USD,479.9462,278.9320068359375,0.0,-29.248199462890625
2018-07-20,450.6789855957031,468.0830078125,445.7760009765625,462.4360046386719,462.4360046386719,1504310016.0,ETH-USD,476.06763,282.364013671875,0.0,-13.631622314453125
2018-08-08,356.97100830078125,370.9460144042969,353.614013671875,365.5880126953125,365.5880126953125,1616610000.0,ETH-USD,390.6184,289.2590026855469,0.0,-25.0303955078125
2018-08-11,320.822998046875,328.5899963378906,318.60198974609375,319.57000732421875,319.57000732421875,1625420000.0,ETH-USD,351.6446,230.21499633789062,0.0,-32.0745849609375
2018-08-23,278.1109924316406,283.302001953125,273.8599853515625,282.9670104980469,282.9670104980469,1450170000.0,ETH-USD,292.26663,209.97500610351562,0.0,-9.29962158203125
2018-08-28,296.1629943847656,297.0710144042969,287.2869873046875,289.31201171875,289.31201171875,1474460000.0,ETH-USD,297.07944,244.3300018310547,0.0,-7.767425537109375
2018-09-11,185.42300415039062,185.58700561523438,170.2570037841797,183.33099365234375,183.33099365234375,1874850000.0,ETH-USD,200.6402,226.11900329589844,17.3092041015625,0.0
2018-09-12,183.6790008544922,214.0019989013672,183.6790008544922,211.35400390625,211.35400390625,2330720000.0,ETH-USD,199.15692,229.2550048828125,-12.19708251953125,0.0
2018-09-21,247.33700561523438,251.1959991455078,233.80999755859375,240.47999572753906,240.47999572753906,1921820000.0,ETH-USD,241.30128,207.08299255371094,0.0,-0.8212890625
2018-09-28,221.7050018310547,234.01400756835938,216.0780029296875,231.63499450683594,231.63499450683594,2208720000.0,ETH-USD,239.09201,203.8520050048828,0.0,-7.4570159912109375
2018-09-30,233.22000122070312,234.14500427246094,226.94500732421875,230.76800537109375,230.76800537109375,1597500000.0,ETH-USD,241.12163,203.32899475097656,0.0,-10.353622436523438
2018-10-02,226.40699768066406,226.45799255371094,213.9709930419922,220.48899841308594,220.48899841308594,1683930000.0,ETH-USD,239.93784,205.36599731445312,0.0,-19.448837280273438
2018-10-05,227.552001953125,227.92599487304688,224.24600219726562,225.1199951171875,225.1199951171875,1505070000.0,ETH-USD,236.31552,197.38099670410156,0.0,-11.195526123046875
2018-10-08,229.7100067138672,230.16099548339844,226.4010009765625,227.98199462890625,227.98199462890625,1405130000.0,ETH-USD,237.54826,200.18600463867188,0.0,-9.566268920898438
2018-10-14,195.27000427246094,222.1179962158203,194.15899658203125,209.70399475097656,209.70399475097656,2865830000.0,ETH-USD,212.85321,210.07400512695312,3.1492156982421875,0.0
2018-10-15,209.6280059814453,212.17300415039062,207.98399353027344,210.1199951171875,210.1199951171875,1532280000.0,ETH-USD,214.21584,212.5330047607422,4.0958404541015625,0.0
2018-10-17,207.4040069580078,208.47000122070312,201.7429962158203,203.3520050048828,203.3520050048828,1365860000.0,ETH-USD,216.11926,210.41799926757812,12.767257690429688,0.0
2018-10-18,203.2570037841797,204.66299438476562,201.843994140625,203.7270050048828,203.7270050048828,1264480000.0,ETH-USD,215.56508,206.8260040283203,11.83807373046875,0.0
2018-10-21,205.1739959716797,206.9320068359375,203.3769989013672,204.04400634765625,204.04400634765625,1328980000.0,ETH-USD,214.53632,175.177001953125,0.0,-10.4923095703125
2018-10-29,205.1739959716797,205.5970001220703,195.73399353027344,197.2469940185547,197.2469940185547,1517230000.0,ETH-USD,212.89255,123.2959976196289,0.0,-15.645553588867188
2018-11-01,197.53700256347656,203.75399780273438,197.3280029296875,198.8719940185547,198.8719940185547,1336700000.0,ETH-USD,209.959,108.33499908447266,0.0,-11.087005615234375
2018-11-06,209.4739990234375,218.45199584960938,207.8939971923828,218.45199584960938,218.45199584960938,1856940000.0,ETH-USD,218.29773,118.63555908203125,0.0,0.154266357421875
2018-11-14,206.53399658203125,207.0449981689453,174.08399963378906,181.39700317382812,181.39700317382812,2595330000.0,ETH-USD,219.55392,95.14205932617188,0.0,-38.15692138671875
2018-11-15,181.8990020751953,184.25100708007812,170.18899536132812,180.80599975585938,180.80599975585938,2638410000.0,ETH-USD,213.11989,91.68565368652344,0.0,-32.31388854980469
2018-11-17,175.36000061035156,175.8509979248047,172.86900329589844,174.00100708007812,174.00100708007812,1832800000.0,ETH-USD,197.13904,90.59329986572266,0.0,-23.138031005859375
2018-11-22,136.81100463867188,137.74000549316406,126.70600128173828,126.70600128173828,126.70600128173828,1792150000.0,ETH-USD,153.24605,95.13382720947264,0.0,-26.54004669189453
2018-11-28,110.197998046875,126.0479965209961,110.197998046875,122.43800354003906,122.43800354003906,2673470000.0,ETH-USD,113.81265,130.7652587890625,-8.625350952148438,0.0
2018-12-02,118.26815032958984,120.56204986572266,116.092041015625,116.38890075683594,116.38890075683594,1856199149.0,ETH-USD,117.20073,116.57591247558594,0.81182861328125,0.0
2018-12-13,90.65522766113281,91.11160278320312,85.518310546875,86.53931427001953,86.53931427001953,1754475622.0,ETH-USD,85.83163,151.69921875,-0.7076873779296875,0.0
2018-12-15,84.27969360351562,85.34274291992188,82.82988739013672,84.44081115722656,84.44081115722656,1496176898.0,ETH-USD,82.27743,150.80311584472656,-2.1633834838867188,0.0
2018-12-17,85.38211059570312,96.8050537109375,85.38211059570312,95.13382720947266,95.13382720947266,2101453024.0,ETH-USD,82.63219,127.54832458496094,-12.501640319824219,0.0
2018-12-27,131.923583984375,132.67706298828125,115.65010070800781,116.57591247558594,116.57591247558594,2612804378.0,ETH-USD,140.90282,117.15785217285156,24.326904296875,0.0
2019-01-02,141.51951599121094,156.92913818359375,140.6509552001953,155.0476837158203,155.0476837158203,3328240369.0,ETH-USD,144.55777,113.40528869628906,0.0,10.489913940429688
2019-01-03,155.196044921875,155.86305236816406,147.1983642578125,149.135009765625,149.135009765625,2676164880.0,ETH-USD,149.08974,106.58997344970703,0.0,0.0452728271484375
2019-01-06,155.80422973632812,159.37144470214844,152.08592224121094,157.74620056152344,157.74620056152344,3231294371.0,ETH-USD,163.13002,107.0610122680664,0.0,-5.383819580078125
2019-01-10,150.843505859375,152.1482696533203,126.52937316894531,128.62518310546875,128.62518310546875,3397734456.0,ETH-USD,158.75203,107.82160186767578,0.0,-30.126846313476562
2019-01-12,127.52808380126953,128.66612243652344,125.4467544555664,125.9665298461914,125.9665298461914,2212109224.0,ETH-USD,143.84137,104.9192886352539,0.0,-17.874839782714844
2019-01-16,121.80924224853516,127.11824798583984,121.44141387939453,123.54706573486328,123.54706573486328,2746469340.0,ETH-USD,126.51866,124.80648803710938,2.9715957641601562,0.0
2019-01-18,123.65465545654297,123.84169006347656,120.24189758300781,121.01026153564453,121.01026153564453,2305389800.0,ETH-USD,124.88183,122.5722885131836,3.8715667724609375,0.0
2019-01-23,118.71381378173828,119.42279815673828,116.37664794921875,117.45260620117188,117.45260620117188,2556952198.0,ETH-USD,122.11303,133.598876953125,4.660423278808594,0.0
2019-01-24,117.46278381347656,118.0321044921875,116.00679779052734,117.36288452148438,117.36288452148438,2520843420.0,ETH-USD,120.90005,146.09837341308594,3.5371627807617188,0.0
2019-01-27,116.51031494140625,116.68540954589844,113.40528869628906,113.40528869628906,113.40528869628906,2775888287.0,ETH-USD,118.65131,146.13084411621094,5.246025085449219,0.0
2019-01-28,113.28523254394531,113.688232421875,103.33646392822266,106.58997344970703,106.58997344970703,3366895505.0,ETH-USD,117.804726,149.0924530029297,11.214752197265625,0.0
2019-01-30,105.4072036743164,109.4529800415039,104.84379577636719,108.90753936767578,108.90753936767578,2874370355.0,ETH-USD,113.138626,135.8526611328125,4.231086730957031,0.0
2019-02-01,107.1476821899414,108.63871002197266,105.04650115966797,107.60978698730469,107.60978698730469,2541271519.0,ETH-USD,109.51374,138.0896759033203,1.9039535522460938,0.0
2019-02-02,107.46641540527344,110.65387725830078,106.7640151977539,110.43025970458984,110.43025970458984,2385157838.0,ETH-USD,108.239815,136.12596130371094,-2.1904449462890625,0.0
2019-02-05,107.62816619873047,108.1347885131836,106.90989685058594,107.44351959228516,107.44351959228516,2515863999.0,ETH-USD,107.25058,134.2069549560547,-0.19293975830078125,0.0
2019-02-09,119.214111328125,120.68973541259766,118.00040435791016,119.4308853149414,119.4308853149414,2884650400.0,ETH-USD,112.8372,138.78935241699216,-6.59368896484375,0.0
2019-02-10,119.40896606445312,124.85362243652344,117.10577392578125,124.80648803710938,124.80648803710938,3148766590.0,ETH-USD,117.67215,138.0345001220703,-7.13433837890625,0.0
2019-02-15,121.45369720458984,123.66012573242188,121.37191772460938,122.10038757324219,122.10038757324219,3021741615.0,ETH-USD,129.01219,134.44288635253906,6.91180419921875,0.0
2019-02-20,145.1727294921875,149.55433654785156,142.5021209716797,149.55433654785156,149.55433654785156,4500094965.0,ETH-USD,153.58049,140.00054931640625,0.0,-4.026153564453125
2019-02-23,148.67662048339844,159.12586975097656,147.3310546875,158.79542541503906,158.79542541503906,4519468458.0,ETH-USD,160.51212,140.6863555908203,0.0,-1.7166900634765625
2019-02-24,158.90240478515625,165.54962158203125,135.8526611328125,135.8526611328125,135.8526611328125,5957715043.0,ETH-USD,163.5479,136.6360626220703,27.695236206054688,0.0
2019-02-26,139.64608764648438,139.9764404296875,136.57960510253906,138.0896759033203,138.0896759033203,3791292839.0,ETH-USD,157.54802,138.2398681640625,19.458343505859375,0.0
2019-02-27,138.02957153320312,141.3362274169922,131.60292053222656,136.12596130371094,136.12596130371094,4469776860.0,ETH-USD,152.73405,136.98692321777344,16.60809326171875,0.0
2019-03-02,136.35008239746094,137.18479919433594,132.43638610839844,134.2069549560547,134.2069549560547,3747176425.0,ETH-USD,141.54076,140.9881591796875,7.33380126953125,0.0
2019-03-11,136.8495330810547,137.35340881347656,133.10279846191406,133.8340301513672,133.8340301513672,4689807419.0,ETH-USD,145.68648,165.5148468017578,11.852447509765625,0.0
2019-03-15,133.56715393066406,138.3951416015625,133.56715393066406,137.69178771972656,137.69178771972656,4506861856.0,ETH-USD,140.90022,176.1145782470703,3.20843505859375,0.0
2019-03-20,140.48471069335938,140.94557189941406,138.30703735351562,140.6863555908203,140.6863555908203,4664134462.0,ETH-USD,146.3062,167.83851623535156,5.619842529296875,0.0
2019-03-21,140.47848510742188,141.00323486328125,135.8554229736328,136.6360626220703,136.6360626220703,5087247796.0,ETH-USD,147.44011,161.5741729736328,10.804046630859375,0.0
2019-03-24,138.3153533935547,138.3756103515625,136.31375122070312,136.98692321777344,136.98692321777344,4266845458.0,ETH-USD,145.22194,173.81402587890625,8.235015869140625,0.0
2019-03-25,137.08135986328125,137.69534301757812,133.4901580810547,135.03102111816406,135.03102111816406,4480516753.0,ETH-USD,144.04137,173.70843505859375,9.010345458984375,0.0
2019-03-26,135.0543212890625,135.46035766601562,133.75733947753906,135.46035766601562,135.46035766601562,4499271679.0,ETH-USD,142.9242,173.7512664794922,7.463836669921875,0.0
2019-03-31,142.13922119140625,142.189208984375,140.69737243652344,141.51409912109375,141.51409912109375,4249050197.0,ETH-USD,149.44821,156.3470916748047,7.934112548828125,0.0
2019-04-09,176.06784057617188,183.13427734375,175.23037719726562,177.3374786376953,177.3374786376953,7856924879.0,ETH-USD,196.12392,163.45069885253906,0.0,-18.78643798828125
2019-04-14,167.89747619628906,168.81845092773438,159.5557403564453,161.5741729736328,161.5741729736328,5672311824.0,ETH-USD,167.70006,173.1427459716797,6.125885009765625,0.0
2019-04-17,166.9132080078125,175.36532592773438,166.672119140625,173.81402587890625,173.81402587890625,6971581464.0,ETH-USD,170.56987,196.84628295898438,-3.2441558837890625,0.0
2019-04-19,173.71881103515625,176.705810546875,171.78883361816406,173.7512664794922,173.7512664794922,6142567812.0,ETH-USD,180.73347,247.1530609130859,6.982208251953125,0.0
2019-04-26,156.27085876464844,160.58941650390625,155.62188720703125,158.4349365234375,158.4349365234375,5863109118.0,ETH-USD,177.77324,244.69891357421875,19.338302612304688,0.0
2019-05-01,160.85357666015625,162.93701171875,160.06069946289062,162.12278747558594,162.12278747558594,6044171062.0,ETH-USD,167.1074,272.8626403808594,4.984619140625,0.0
2019-05-03,167.88722229003906,170.64593505859375,161.7914276123047,164.02658081054688,164.02658081054688,6658100049.0,ETH-USD,174.81062,269.4556884765625,10.784042358398438,0.0
2019-05-05,163.33798217773438,175.76010131835938,159.98818969726562,172.65321350097656,172.65321350097656,7540096853.0,ETH-USD,179.25392,268.1135559082031,6.6007080078125,0.0
2019-05-13,196.73828125,217.87464904785156,196.0548095703125,217.14857482910156,217.14857482910156,12751049755.0,ETH-USD,230.68361,245.73809814453125,13.5350341796875,0.0
2019-05-23,245.98709106445312,255.25933837890625,243.24009704589844,249.4849853515625,249.4849853515625,9929433206.0,ETH-USD,271.43552,265.0518493652344,21.950531005859375,0.0
2019-05-24,249.6940460205078,257.3568420410156,249.0887908935547,251.75987243652344,251.75987243652344,8924985385.0,ETH-USD,268.25394,269.4317932128906,16.494064331054688,0.0
2019-05-26,267.1418762207031,278.50726318359375,265.4447021484375,272.8626403808594,272.8626403808594,12074664736.0,ETH-USD,279.1194,294.91027832031256,6.256744384765625,0.0
2019-05-27,272.5904846191406,274.3208312988281,267.5143737792969,271.7687072753906,271.7687072753906,10362846898.0,ETH-USD,288.138,309.3803100585937,16.369293212890625,0.0
2019-06-04,241.49703979492188,248.1381378173828,239.98345947265625,247.05101013183594,247.05101013183594,8548917062.0,ETH-USD,284.1427,290.69598388671875,37.09169006347656,0.0
2019-06-08,245.5404815673828,245.9728240966797,229.25743103027344,233.08670043945312,233.08670043945312,7566421456.0,ETH-USD,265.04074,284.5232238769531,31.95404052734375,0.0
2019-06-11,245.9254913330078,261.017578125,244.49131774902344,260.9032897949219,260.9032897949219,8645598618.0,ETH-USD,267.45627,305.7005615234375,6.552978515625,0.0
2019-06-13,256.1796569824219,265.37139892578125,254.14743041992188,264.08746337890625,264.08746337890625,8676891267.0,ETH-USD,281.282,308.8810119628906,17.194549560546875,0.0
2019-06-14,263.93414306640625,271.5055847167969,262.1212158203125,269.0193176269531,269.0193176269531,8126853944.0,ETH-USD,287.97763,290.0023193359375,18.95831298828125,0.0
2019-06-25,317.9925842285156,361.398681640625,315.9548645019531,336.753173828125,336.753173828125,16437084081.0,ETH-USD,371.66235,225.63076782226562,0.0,-34.9091796875
2019-07-05,287.8938293457031,295.9914245605469,286.6658630371094,287.547119140625,287.547119140625,7674615025.0,ETH-USD,320.90674,218.65414428710938,0.0,-33.359619140625
2019-07-07,305.7347717285156,314.26788330078125,303.5004577636719,313.25140380859375,313.25140380859375,9078905628.0,ETH-USD,324.11536,217.87156677246094,0.0,-10.86395263671875
2019-07-10,289.94598388671875,290.02105712890625,266.09466552734375,268.70404052734375,268.70404052734375,10216287022.0,ETH-USD,341.3214,234.21502685546875,0.0,-72.61737060546875
2019-07-12,276.28912353515625,276.68524169921875,263.0682678222656,269.45880126953125,269.45880126953125,6716829429.0,ETH-USD,320.68738,226.39100646972656,0.0,-51.22857666015625
2019-07-13,269.2816162109375,269.6412353515625,227.2692108154297,227.57806396484375,227.57806396484375,8578339386.0,ETH-USD,306.4634,220.94186401367188,0.0,-78.88534545898438
2019-07-14,227.96505737304688,235.02565002441406,210.39126586914062,229.7760009765625,229.7760009765625,9723674244.0,ETH-USD,291.10812,210.48890686035156,0.0,-61.332122802734375
2019-07-25,219.6281280517578,220.23638916015625,214.1256866455078,219.62960815429688,219.62960815429688,5729852178.0,ETH-USD,232.2186,196.56541442871094,0.0,-12.5889892578125
2019-07-27,207.4137725830078,212.04183959960938,202.25289916992188,211.18655395507812,211.18655395507812,5504887934.0,ETH-USD,228.73291,191.33291625976562,0.0,-17.546356201171875
2019-07-29,211.33920288085938,213.61407470703125,206.86761474609375,210.52259826660156,210.52259826660156,5489918859.0,ETH-USD,225.35393,191.28956604003906,0.0,-14.831329345703125
2019-08-01,217.88446044921875,222.1825714111328,215.975830078125,217.87156677246094,217.87156677246094,6159440229.0,ETH-USD,232.69331,187.51666259765625,0.0,-14.821746826171875
2019-08-11,216.055908203125,216.14256286621094,210.9464874267578,211.28807067871094,211.28807067871094,5674315559.0,ETH-USD,237.49475,169.9561767578125,0.0,-26.206680297851562
2019-08-17,185.84109497070312,197.52249145507812,183.69224548339844,194.4935302734375,194.4935302734375,5969012024.0,ETH-USD,206.2206,181.01609802246094,0.0,-11.727066040039062
2019-08-27,187.49549865722656,187.93087768554688,172.18560791015625,173.8899688720703,173.8899688720703,6696604087.0,ETH-USD,203.63034,211.54537963867188,29.740371704101562,0.0
2019-08-30,168.8878936767578,174.323974609375,167.80258178710938,172.46978759765625,172.46978759765625,5830212249.0,ETH-USD,187.71173,170.8927001953125,0.0,-15.241943359375
2019-09-03,179.4919891357422,180.1365966796875,175.3253631591797,175.99288940429688,175.99288940429688,5938120494.0,ETH-USD,187.78584,170.50347900390625,0.0,-11.792953491210938
2019-09-14,188.0684356689453,190.3993377685547,186.44732666015625,189.78912353515625,189.78912353515625,6222874780.0,ETH-USD,198.24864,191.65966796875,8.459518432617188,0.0
2019-09-15,189.6893310546875,198.20497131347656,189.6893310546875,197.11317443847656,197.11317443847656,8242029488.0,ETH-USD,204.3692,182.56968688964844,0.0,-7.2560272216796875
2019-09-26,166.65170288085938,175.61077880859375,163.20950317382812,174.71099853515625,174.71099853515625,7909313625.0,ETH-USD,197.861,172.3008575439453,0.0,-23.149993896484375
2019-10-07,181.1133575439453,184.35997009277344,179.13339233398438,182.0215606689453,182.0215606689453,7466282780.0,ETH-USD,190.00894,183.92572021484375,7.9873809814453125,0.0
2019-10-30,190.33639526367188,191.1119384765625,181.54637145996094,184.69216918945312,184.69216918945312,10484902804.0,ETH-USD,213.80188,142.83470153808594,0.0,-29.109710693359375
2019-10-31,184.79762268066406,188.7512664794922,180.068359375,183.9669189453125,183.9669189453125,9607939606.0,ETH-USD,210.75418,146.47653198242188,0.0,-26.787261962890625
2019-11-18,185.0414581298828,186.92715454101562,179.17550659179688,180.55960083007812,180.55960083007812,7787662111.0,ETH-USD,195.49844,144.9447479248047,0.0,-14.9388427734375
2019-11-19,180.50245666503906,182.5279998779297,175.19711303710938,177.45555114746094,177.45555114746094,7536699743.0,ETH-USD,194.96706,142.86923217773438,0.0,-17.511505126953125
2019-11-21,175.67359924316406,176.20921325683594,159.36512756347656,161.4627227783203,161.4627227783203,8546371325.0,ETH-USD,191.51804,133.61402893066406,0.0,-30.055313110351562
2019-12-13,145.6556854248047,145.8571014404297,143.74652099609375,144.9447479248047,144.9447479248047,7264810247.0,ETH-USD,156.48904,143.5439910888672,0.0,-11.544296264648438
2019-12-20,129.38436889648438,129.7563018798828,126.9853515625,129.06605529785156,129.06605529785156,8173594150.0,ETH-USD,146.24626,165.95535278320312,17.180206298828125,0.0
2019-12-22,128.09812927246094,133.1600341796875,127.9284896850586,132.3725128173828,132.3725128173828,9121058481.0,ETH-USD,135.33461,164.39100646972656,2.96209716796875,0.0
2019-12-28,127.2130126953125,130.25816345214844,126.89969635009766,128.3227081298828,128.3227081298828,8069298610.0,ETH-USD,124.79527,168.29415893554688,-3.527435302734375,0.0
2019-12-29,128.26687622070312,136.8112030029297,127.9976577758789,134.7579803466797,134.7579803466797,9708776786.0,ETH-USD,127.372696,162.92855834960938,-7.385284423828125,0.0
2020-01-05,135.0720977783203,139.4102020263672,135.04562377929688,136.2767791748047,136.2767791748047,7526675353.0,ETH-USD,130.8867,184.6904754638672,-5.39007568359375,0.0
2020-01-08,143.48782348632812,146.8280029296875,138.26820373535156,141.2581329345703,141.2581329345703,9387194957.0,ETH-USD,143.365,188.61753845214847,2.10687255859375,0.0
2020-01-09,141.15577697753906,141.39398193359375,136.2364044189453,138.9792022705078,138.9792022705078,7697325348.0,ETH-USD,143.90984,189.86506652832034,4.930633544921875,0.0
2020-01-14,144.2510528564453,167.68154907226562,144.06492614746094,165.95535278320312,165.95535278320312,16712318373.0,ETH-USD,162.69983,223.14651489257812,-3.255523681640625,0.0
2020-01-26,161.17681884765625,168.22032165527344,160.2811279296875,168.0771026611328,168.0771026611328,9261861590.0,ETH-USD,151.59601,257.949462890625,-16.481094360351562,0.0
2020-01-31,184.73690795898438,185.4058380126953,176.29681396484375,180.16017150878906,180.16017150878906,11728616394.0,ETH-USD,190.54362,247.81759643554688,10.383453369140625,0.0
2020-02-11,223.3849334716797,236.54713439941406,218.61761474609375,235.8511962890625,235.8511962890625,16964695963.0,ETH-USD,262.6997,237.85308837890625,26.8485107421875,0.0
2020-02-21,257.89111328125,267.0048522949219,255.6890869140625,265.6006164550781,265.6006164550781,20867593292.0,ETH-USD,290.63635,113.9427490234375,0.0,-25.035736083984375
2020-02-25,265.28338623046875,265.4314880371094,246.85899353027344,247.81759643554688,247.81759643554688,21878882134.0,ETH-USD,260.5639,132.81871032714844,0.0,-12.746307373046875
2020-02-26,247.74020385742188,249.6497039794922,221.2665557861328,225.68026733398438,225.68026733398438,26235617201.0,ETH-USD,263.47906,123.32115173339844,0.0,-37.798797607421875
2020-02-27,225.68704223632812,237.2289276123047,212.66452026367188,226.75338745117188,226.75338745117188,25645522790.0,ETH-USD,262.01666,134.91160583496094,0.0,-35.263275146484375
2020-03-11,200.76803588867188,202.9542999267578,184.36215209960938,194.8685302734375,194.8685302734375,16984790291.0,ETH-USD,211.71687,143.54664611816406,0.0,-16.848342895507812
2020-03-15,123.24606323242188,132.2421417236328,121.85365295410156,125.21430206298828,125.21430206298828,12719251813.0,ETH-USD,103.633316,170.80714416503906,-21.58098602294922,0.0
2020-03-27,138.36993408203125,139.90269470214844,133.9379425048828,133.9379425048828,133.9379425048828,11396286629.0,ETH-USD,101.70789,172.73770141601562,-32.23004913330078,0.0
2020-04-08,172.76126098632812,172.8977813720703,167.98712158203125,170.80714416503906,170.80714416503906,14901696210.0,ETH-USD,189.30952,208.17401123046875,18.50238037109375,0.0
2020-04-10,158.5389862060547,161.16757202148438,155.29833984375,158.2160186767578,158.2160186767578,13555089447.0,ETH-USD,175.98904,204.0557861328125,17.773025512695312,0.0
2020-04-19,181.480224609375,186.0835418701172,170.32127380371094,172.2971649169922,172.2971649169922,21266681335.0,ETH-USD,183.21349,195.62266540527344,10.91632080078125,0.0
2020-04-26,197.47572326660156,199.55279541015625,193.45416259765625,197.22471618652344,197.22471618652344,18670194595.0,ETH-USD,180.5822,207.169189453125,-16.64251708984375,0.0
2020-04-30,207.9017333984375,217.62802124023438,207.7808837890625,214.21910095214844,214.21910095214844,20816320834.0,ETH-USD,227.29771,201.90231323242188,0.0,-13.07861328125
2020-05-04,208.01300048828125,211.77862548828125,204.0311279296875,206.77439880371094,206.77439880371094,19004689099.0,ETH-USD,204.56192,242.34559631347656,-2.2124786376953125,0.0
2020-05-14,202.9553985595703,203.56639099121094,193.75567626953125,195.62266540527344,195.62266540527344,16602342092.0,ETH-USD,164.04466,244.9114532470703,-31.5780029296875,0.0
2020-05-22,207.19448852539062,210.38645935058594,205.29421997070312,208.69439697265625,208.69439697265625,10665476768.0,ETH-USD,189.43468,233.0282745361328,-19.259719848632812,0.0
2020-05-31,230.86026000976562,248.2362823486328,230.48805236816406,246.99176025390625,246.99176025390625,13951727936.0,ETH-USD,263.40964,229.66804504394528,0.0,-16.417877197265625
2020-07-01,231.28890991210938,232.39688110351562,225.4619598388672,229.39219665527344,229.39219665527344,6212210566.0,ETH-USD,248.13373,321.51409912109375,18.741531372070312,0.0
2020-07-02,229.31895446777344,229.6293182373047,224.91397094726562,225.38706970214844,225.38706970214844,5109032700.0,ETH-USD,246.61374,316.6572570800781,21.226669311523438,0.0
2020-07-08,246.748291015625,247.2916717529297,239.89865112304688,243.01596069335938,243.01596069335938,8429099199.0,ETH-USD,274.70413,386.295166015625,31.68817138671875,0.0
2020-07-16,233.69139099121094,234.41506958007812,232.10997009277344,232.77308654785156,232.77308654785156,5859850529.0,ETH-USD,259.77634,380.3840637207031,27.003250122070312,0.0
2020-07-19,238.494873046875,239.5762481689453,234.85264587402344,236.15316772460938,236.15316772460938,5600686192.0,ETH-USD,255.08765,437.39782714843756,18.934478759765625,0.0
2020-07-22,262.3886413574219,277.5834655761719,261.0470886230469,274.6890563964844,274.6890563964844,10281309262.0,ETH-USD,281.35727,429.53125,6.668212890625,0.0
2020-07-23,274.7226867675781,286.1928405761719,269.2397766113281,279.2154235839844,279.2154235839844,9466060358.0,ETH-USD,297.44537,423.66931152343756,18.229949951171875,0.0
2020-07-24,279.0263671875,306.7409973144531,279.0263671875,304.0567626953125,304.0567626953125,10785021813.0,ETH-USD,315.77176,406.4637756347656,11.714996337890625,0.0
2020-08-07,379.55157470703125,393.98736572265625,377.3497314453125,393.98736572265625,393.98736572265625,9342060531.0,ETH-USD,450.87677,440.0404968261719,56.889404296875,0.0
2020-08-08,395.30523681640625,399.7370910644531,385.8307189941406,391.1204528808594,391.1204528808594,9451065592.0,ETH-USD,444.20828,385.67193603515625,0.0,-53.08782958984375
2020-08-12,390.8381042480469,432.90460205078125,379.71087646484375,428.7417907714844,428.7417907714844,18480303526.0,ETH-USD,460.5769,352.6734924316406,0.0,-31.835113525390625
2020-08-21,389.0310974121094,396.4665832519531,382.81463623046875,395.83514404296875,395.83514404296875,10131847985.0,ETH-USD,466.4073,365.8122863769531,0.0,-70.5721435546875
2020-08-23,391.6789855957031,409.3885803222656,389.3146057128906,408.1441955566406,408.1441955566406,10328860398.0,ETH-USD,446.5074,384.3645324707031,0.0,-38.363189697265625
2020-08-24,408.0716857910156,408.5279235839844,374.3553771972656,384.00103759765625,384.00103759765625,12428442042.0,ETH-USD,446.3872,385.54437255859375,62.38616943359375,0.0
2020-08-25,383.9774475097656,391.8732604980469,378.7058410644531,386.46612548828125,386.46612548828125,9967343483.0,ETH-USD,443.59756,371.0528259277344,0.0,-57.131439208984375
2020-08-26,386.60986328125,395.34918212890625,374.8664855957031,382.63262939453125,382.63262939453125,10457777652.0,ETH-USD,441.07065,341.78607177734375,0.0,-58.438018798828125
2020-08-30,428.5090026855469,438.5603332519531,419.7701721191406,435.0797424316406,435.0797424316406,12774741797.0,ETH-USD,461.15976,352.161865234375,0.0,-26.08001708984375
2020-09-03,384.671630859375,402.4117431640625,371.6366882324219,388.24114990234375,388.24114990234375,16747106257.0,ETH-USD,534.9511,359.9634094238281,0.0,-146.7099609375
2020-09-06,353.45025634765625,358.2118835449219,326.2543640136719,352.6734924316406,352.6734924316406,21763614732.0,ETH-USD,506.5912,346.53265380859375,0.0,-153.91769409179688
2020-09-11,374.59539794921875,387.5384521484375,367.8421936035156,387.18310546875,387.18310546875,13295405814.0,ETH-USD,441.18564,342.1197814941406,0.0,-54.002532958984375
2020-09-18,384.0416564941406,387.07635498046875,378.72406005859375,385.54437255859375,385.54437255859375,11049507684.0,ETH-USD,404.639,379.4840393066406,0.0,-19.094635009765625
2020-09-26,354.58721923828125,362.0513610839844,349.0943908691406,357.3216857910156,357.3216857910156,11464393949.0,ETH-USD,385.098,413.7729797363281,27.77630615234375,0.0
2020-10-01,353.2201843261719,354.0752258300781,337.35693359375,346.53265380859375,346.53265380859375,12946215647.0,ETH-USD,405.13028,403.9970397949219,58.597625732421875,0.0
2020-10-03,347.2724304199219,354.2533264160156,345.3987121582031,353.1219177246094,353.1219177246094,9308536486.0,ETH-USD,397.57132,386.7301025390625,44.44940185546875,0.0
2020-10-05,354.1377868652344,355.5040588378906,338.5202331542969,341.0211486816406,341.0211486816406,11497841885.0,ETH-USD,396.8799,386.59033203125,55.8587646484375,0.0
2020-10-06,341.0916748046875,342.59124755859375,335.5335998535156,342.1197814941406,342.1197814941406,10537119715.0,ETH-USD,395.79547,396.3581848144531,53.675689697265625,0.0
2020-10-13,381.9714660644531,387.2961730957031,374.1750183105469,379.4840393066406,379.4840393066406,13918846567.0,ETH-USD,430.53696,453.5547790527344,51.05291748046875,0.0
2020-10-17,368.7275390625,378.59765625,368.129150390625,378.21368408203125,378.21368408203125,11047103109.0,ETH-USD,439.62457,461.0052795410156,61.410888671875,0.0
2020-10-20,369.0594177246094,400.62725830078125,368.72796630859375,392.1899719238281,392.1899719238281,20241324322.0,ETH-USD,451.4001,447.55908203125,59.210113525390625,0.0
2020-10-23,409.7672424316406,416.59967041015625,407.8517150878906,412.4576110839844,412.4576110839844,12201739194.0,ETH-USD,476.50986,479.48406982421875,64.05224609375,0.0
2020-11-15,460.14990234375,460.99407958984375,440.25433349609375,447.55908203125,447.55908203125,10308617165.0,ETH-USD,523.9856,559.6785278320312,76.426513671875,0.0
2020-11-22,549.4866333007812,579.3724975585938,514.5172119140625,558.068115234375,558.068115234375,21967049601.0,ETH-USD,622.8282,642.8689575195312,64.76007080078125,0.0
2020-12-11,559.67919921875,560.376708984375,537.8116455078125,545.79736328125,545.79736328125,11098819124.0,ETH-USD,636.0198,1100.006103515625,90.222412109375,0.0
2020-12-13,568.60986328125,593.78125,564.5659790039062,589.6632080078125,589.6632080078125,9070377862.0,ETH-USD,617.8407,1225.6781005859375,28.177490234375,0.0
2020-12-17,636.1541748046875,673.834228515625,628.7493896484375,642.8689575195312,642.8689575195312,25479532147.0,ETH-USD,683.5899,1090.1453857421875,40.720947265625,0.0
2020-12-22,609.4205322265625,635.0765991210938,589.552001953125,634.8541870117188,634.8541870117188,14745890080.0,ETH-USD,728.80676,1233.53759765625,93.95257568359375,0.0
2020-12-24,584.1356201171875,613.815185546875,568.5963745117188,611.607177734375,611.607177734375,14317413703.0,ETH-USD,708.2269,1257.279541015625,96.6197509765625,0.0
2020-12-25,611.5545654296875,633.0614013671875,605.4244384765625,626.4107055664062,626.4107055664062,13520927700.0,ETH-USD,701.44037,1377.2958984374998,75.0296630859375,0.0
2021-01-10,1280.87109375,1347.9261474609375,1194.715576171875,1262.2467041015625,1262.2467041015625,40616938053.0,ETH-USD,1520.435,1594.7626953125,258.1883544921875,0.0
2021-01-13,1043.740966796875,1134.3385009765625,994.549072265625,1130.7393798828125,1130.7393798828125,30109792795.0,ETH-USD,1476.0757,1614.227783203125,345.3363037109375,0.0
2021-01-17,1233.453369140625,1265.6446533203125,1174.3885498046875,1230.1722412109375,1230.1722412109375,29258032819.0,ETH-USD,1420.6735,1783.7979736328125,190.501220703125,0.0
2021-01-23,1235.2679443359375,1272.151123046875,1200.893310546875,1230.9906005859375,1230.9906005859375,27253895441.0,ETH-USD,1523.5488,1848.458251953125,292.5582275390625,0.0
2021-01-24,1231.2105712890625,1395.111328125,1225.2740478515625,1391.609375,1391.609375,36418163554.0,ETH-USD,1519.7811,1937.44921875,128.1717529296875,0.0
2021-02-02,1369.505126953125,1542.990966796875,1362.771240234375,1515.1937255859375,1515.1937255859375,45437142801.0,ETH-USD,1579.4535,1459.97314453125,0.0,-64.259765625
2021-02-12,1783.4891357421875,1861.35693359375,1744.1689453125,1843.5325927734375,1843.5325927734375,37905036865.0,ETH-USD,1908.193,1868.048828125,64.660400390625,0.0
2021-02-13,1843.98681640625,1871.603515625,1770.612060546875,1814.10986328125,1814.10986328125,35359490535.0,ETH-USD,1907.0275,1799.166259765625,0.0,-92.9176025390625
2021-02-16,1778.945556640625,1824.5186767578125,1729.6419677734375,1781.0675048828125,1781.0675048828125,34269369268.0,ETH-USD,1867.8655,1924.6854248046875,86.7979736328125,0.0
2021-02-17,1781.35009765625,1853.6676025390625,1736.705810546875,1848.458251953125,1848.458251953125,35955412703.0,ETH-USD,1859.3401,1854.5643310546875,10.8818359375,0.0
2021-02-25,1625.3939208984375,1670.22412109375,1465.0589599609375,1475.7037353515625,1475.7037353515625,24481681873.0,ETH-USD,1733.2601,1691.333984375,257.556396484375,0.0
2021-02-27,1446.929443359375,1524.932373046875,1433.7869873046875,1459.97314453125,1459.97314453125,20742103233.0,ETH-USD,1603.2646,1593.4134521484375,143.29150390625,0.0
2021-03-01,1417.151123046875,1567.694580078125,1416.4161376953125,1564.7076416015625,1564.7076416015625,24032838645.0,ETH-USD,1515.3541,1702.842041015625,-49.353515625,0.0
