,open,high,low,close,adjclose,volume,ticker,adjclose_1,true_adjclose_1,buy_profit,sell_profit
2015-10-02,0.6787829995155334,0.7092040181159973,0.6754819750785828,0.6871709823608398,0.6871709823608398,163326.0,ETH-USD,1.374922,0.668379008769989,0.0,-0.687751054763794
2015-10-03,0.6863430142402649,0.6931260228157043,0.6607159972190857,0.668379008769989,0.668379008769989,103497.0,ETH-USD,1.3578702,0.6286429762840271,0.0,-0.6894912123680115
2015-10-06,0.6505150198936462,0.6563010215759277,0.6024230122566223,0.609387993812561,0.609387993812561,218327.0,ETH-USD,1.3041443,0.6217160224914551,0.694756269454956,0.0
2015-10-11,0.6345149874687195,0.6577889919281006,0.6260300278663635,0.6260300278663635,0.6260300278663635,109567.0,ETH-USD,1.3215723,0.6076549887657166,0.0,-0.6955422759056091
2015-10-18,0.5176209807395935,0.5215460062026978,0.48099398612976074,0.48901399970054626,0.48901399970054626,243742.0,ETH-USD,1.1880099,0.4348289966583252,0.0,-0.6989958584308624
2015-10-26,0.6197429895401001,0.7575169801712036,0.5970979928970337,0.7313169836997986,0.7313169836997986,1089120.0,ETH-USD,1.4097153,0.8696410059928894,0.6783983111381531,0.0
2015-10-28,0.8709380030632019,1.0557899475097656,0.8078569769859314,1.0024800300598145,1.0024800300598145,2373050.0,ETH-USD,1.6769812,1.2066600322723389,0.6745011806488037,0.0
2015-11-08,0.9156609773635864,1.0326800346374512,0.9156609773635864,1.0274699926376343,1.0274699926376343,1021460.0,ETH-USD,1.6902089,0.9992780089378357,0.0,-0.6627389192581177
2015-11-10,1.0012600421905518,1.0530400276184082,0.9209679961204529,0.9343479871749878,0.9343479871749878,854581.0,ETH-USD,1.6504316,0.791828989982605,0.0,-0.7160836458206177
2015-11-11,0.9412959814071655,0.945277988910675,0.7297750115394592,0.791828989982605,0.791828989982605,1278580.0,ETH-USD,1.5164461,0.8957110047340393,0.7246171236038208,0.0
2015-11-27,0.882099986076355,0.9000509977340698,0.8606950044631958,0.867950975894928,0.867950975894928,403813.0,ETH-USD,1.5509104,0.9157029986381531,0.6829593777656555,0.0
2015-11-28,0.8681020140647888,0.9292929768562317,0.8621219992637634,0.9157029986381531,0.9157029986381531,462464.0,ETH-USD,1.5889479,0.8786140084266663,0.0,-0.6732448935508728
2015-12-01,0.8783159852027893,0.8867359757423401,0.8539369702339172,0.8748000264167786,0.8748000264167786,652857.0,ETH-USD,1.5521485,0.8212100267410278,0.0,-0.6773484349250793
2015-12-02,0.8731709718704224,0.878017008304596,0.8189240097999573,0.8212100267410278,0.8212100267410278,506307.0,ETH-USD,1.5142206,0.8121430277824402,0.0,-0.6930105686187744
2015-12-09,0.8244540095329285,0.8244540095329285,0.7704880237579346,0.7921670079231262,0.7921670079231262,624221.0,ETH-USD,1.4725313,0.840395987033844,0.6803643107414246,0.0
2015-12-17,0.9930430054664612,0.9976109862327576,0.9118070006370544,0.9407010078430176,0.9407010078430176,640765.0,ETH-USD,1.6335208,0.9201269745826721,0.0,-0.6928198337554932
2015-12-29,0.8438349962234497,0.873054027557373,0.8332319855690002,0.873054027557373,0.873054027557373,215742.0,ETH-USD,1.5478542,0.9119579792022705,0.6748001575469971,0.0
2016-01-02,0.9474009871482849,0.9696369767189026,0.9365599751472473,0.9371240139007568,0.9371240139007568,255504.0,ETH-USD,1.6282862,0.971904993057251,0.6911622285842896,0.0
2016-01-05,0.9531469941139221,0.9705970287322998,0.9465429782867432,0.9501760005950928,0.9501760005950928,219833.0,ETH-USD,1.637251,0.9508600234985352,0.6870750188827515,0.0
2016-01-21,1.5326999425888062,1.5854899883270264,1.4866900444030762,1.553570032119751,1.553570032119751,1614960.0,ETH-USD,2.2335644,1.501270055770874,0.0,-0.6799943447113037
2016-01-22,1.547029972076416,1.5814599990844727,1.465880036354065,1.501270055770874,1.501270055770874,1567240.0,ETH-USD,2.1989906,1.9726699590682986,0.6977205276489258,0.0
2016-01-26,2.5327401161193848,2.8369901180267334,1.9947700500488281,2.276370048522949,2.276370048522949,13939200.0,ETH-USD,3.067193,2.388550043106079,0.7908229827880859,0.0
2016-02-11,4.496819972991943,6.292230129241943,4.3383002281188965,6.0131001472473145,6.0131001472473145,26408200.0,ETH-USD,6.4716077,5.546979904174805,0.0,-0.4585075378417969
2016-02-16,5.328320026397705,5.474860191345215,4.033840179443359,4.3152899742126465,4.3152899742126465,15889100.0,ETH-USD,5.2779784,3.757240056991577,0.0,-0.9626884460449219
2016-02-20,4.682199954986572,4.754059791564941,4.12706995010376,4.341330051422119,4.341330051422119,8631090.0,ETH-USD,5.055834,4.653619766235352,0.7145037651062012,0.0
2016-02-24,5.604050159454346,6.2364702224731445,5.509250164031982,6.2364702224731445,6.2364702224731445,11426500.0,ETH-USD,6.763386,6.104800224304199,0.0,-0.5269155502319336
2016-03-07,11.428799629211426,11.651900291442871,9.309490203857422,9.552630424499512,9.552630424499512,34085100.0,ETH-USD,10.719149,9.847209930419922,1.166518211364746,0.0
2016-03-09,9.792420387268066,12.054699897766113,9.670989990234375,11.89799976348877,11.89799976348877,27540500.0,ETH-USD,12.094582,11.305000305175781,0.0,-0.19658184051513672
2016-03-21,10.30370044708252,12.014900207519531,10.161600112915039,11.864100456237793,11.864100456237793,28572600.0,ETH-USD,12.105741,11.274800300598145,0.0,-0.2416400909423828
2016-03-25,11.260299682617188,11.372900009155273,10.527199745178223,10.743200302124023,10.743200302124023,13782000.0,ETH-USD,11.449683,10.973999977111816,0.7064828872680664,0.0
2016-03-26,10.767900466918945,11.180800437927246,10.589200019836426,10.973999977111816,10.973999977111816,9425480.0,ETH-USD,11.463726,10.41919994354248,0.0,-0.48972606658935547
2016-03-29,11.605299949645996,12.178500175476074,11.469200134277344,11.952899932861328,11.952899932861328,19351200.0,ETH-USD,12.45568,11.403499603271484,0.0,-0.5027799606323242
2016-04-02,11.628299713134766,11.706399917602539,11.508700370788574,11.618300437927246,11.618300437927246,5580550.0,ETH-USD,12.099848,11.157299995422363,0.0,-0.48154735565185547
2016-04-05,10.449799537658691,10.970000267028809,10.277299880981445,10.685400009155273,10.685400009155273,16997100.0,ETH-USD,11.199704,10.069700241088867,0.0,-0.5143041610717773
2016-04-09,9.149849891662598,9.224720001220703,7.455639839172363,8.93634033203125,8.93634033203125,42613400.0,ETH-USD,9.396752,8.643790245056152,0.0,-0.46041202545166016
2016-04-15,8.235879898071289,8.649760246276855,8.114439964294434,8.60949993133545,8.60949993133545,9888460.0,ETH-USD,9.112263,9.309100151062012,0.5027627944946289,0.0
2016-04-26,7.388390064239502,7.967740058898926,7.319690227508545,7.759970188140869,7.759970188140869,19254500.0,ETH-USD,8.280812,7.172530174255371,0.0,-0.5208420753479004
2016-05-01,8.894240379333496,10.321499824523926,8.850720405578613,10.163200378417969,10.163200378417969,41019200.0,ETH-USD,10.581418,9.311269760131836,0.0,-0.41821765899658203
2016-05-05,9.809610366821289,9.952190399169922,9.037010192871094,9.346639633178711,9.346639633178711,21510600.0,ETH-USD,10.075943,9.37051010131836,0.7293033599853516,0.0
2016-05-17,12.179300308227539,14.258999824523926,12.179300308227539,13.558600425720215,13.558600425720215,65389900.0,ETH-USD,14.091811,14.769700050354004,0.5332107543945312,0.0
2016-05-25,12.51609992980957,12.986599922180176,12.059200286865234,12.430399894714355,12.430399894714355,20764000.0,ETH-USD,12.991512,11.29580020904541,0.0,-0.5611124038696289
2016-05-27,11.333200454711914,12.363300323486328,10.37339973449707,11.892900466918945,11.892900466918945,47274800.0,ETH-USD,12.288656,12.3503999710083,0.3957557678222656,0.0
2016-06-04,13.762499809265137,14.072199821472168,13.56779956817627,13.975000381469727,13.975000381469727,11088400.0,ETH-USD,14.418742,13.934100151062012,0.0,-0.4437417984008789
2016-06-08,14.4306001663208,14.56719970703125,14.340200424194336,14.398599624633789,14.398599624633789,8256830.0,ETH-USD,14.948165,13.908599853515625,0.0,-0.549565315246582
2016-06-17,15.378600120544434,15.378600120544434,9.963640213012695,11.330699920654297,11.330699920654297,133937000.0,ETH-USD,13.204456,12.234199523925781,1.8737564086914062,0.0
2016-06-18,11.1673002243042,13.182100296020508,10.635600090026855,12.234199523925781,12.234199523925781,69783600.0,ETH-USD,12.889342,11.839500427246094,0.0,-0.6551427841186523
2016-06-21,13.199700355529785,15.785599708557129,13.095100402832031,13.095100402832031,13.095100402832031,96994096.0,ETH-USD,14.115053,13.676199913024902,1.0199527740478516,0.0
2016-06-27,13.927599906921387,13.981499671936035,11.718000411987305,12.175600051879883,12.175600051879883,43436600.0,ETH-USD,13.101582,12.611200332641602,0.9259815216064453,0.0
2016-07-04,11.45740032196045,11.517800331115723,9.57625961303711,10.61139965057373,10.61139965057373,45526900.0,ETH-USD,11.265764,10.528900146484375,0.0,-0.6543645858764648
2016-07-09,10.960399627685547,11.013699531555176,10.78219985961914,10.947600364685059,10.947600364685059,5479240.0,ETH-USD,11.541869,10.458999633789062,0.0,-0.594268798828125
2016-07-11,10.446999549865723,10.76200008392334,10.425800323486328,10.51609992980957,10.51609992980957,11127700.0,ETH-USD,11.131842,10.500499725341797,0.0,-0.6157417297363281
2016-07-24,12.743399620056152,13.857000350952148,12.683799743652344,13.836099624633789,13.836099624633789,36673800.0,ETH-USD,14.304865,11.989500045776367,0.0,-0.4687652587890625
2016-07-26,12.05049991607666,13.31190013885498,11.835700035095215,12.972800254821777,12.972800254821777,58278800.0,ETH-USD,13.471801,12.843600273132324,0.0,-0.49900054931640625
2016-07-28,12.836400032043457,12.870599746704102,12.554200172424316,12.794599533081055,12.794599533081055,14082300.0,ETH-USD,13.289543,12.461000442504883,0.0,-0.49494361877441406
2016-08-02,8.876799583435059,10.418000221252441,8.876799583435059,10.293899536132812,10.293899536132812,53979400.0,ETH-USD,10.660486,11.042799949645996,0.36658668518066406,0.0
2016-08-08,11.2746000289917,12.45460033416748,11.199999809265137,12.24429988861084,12.24429988861084,36656600.0,ETH-USD,12.631166,12.143199920654297,0.0,-0.38686656951904297
2016-08-09,12.2298002243042,12.457799911499023,11.982500076293945,12.143199920654297,12.143199920654297,28096300.0,ETH-USD,12.769666,11.690899848937988,0.0,-0.6264657974243164
2016-08-10,12.138199806213379,12.27239990234375,11.63379955291748,11.690899848937988,11.690899848937988,17505000.0,ETH-USD,12.450163,11.778499603271484,0.7592630386352539,0.0
2016-08-18,10.746299743652344,10.80109977722168,10.727899551391602,10.748700141906738,10.748700141906738,5390850.0,ETH-USD,11.317594,11.247400283813477,0.5688934326171875,0.0
2016-08-30,11.23859977722168,11.68019962310791,11.183899879455566,11.67240047454834,11.67240047454834,11073700.0,ETH-USD,12.124939,11.99489974975586,0.45253849029541016,0.0
2016-09-02,12.112899780273438,12.36359977722168,11.347200393676758,11.758700370788574,11.758700370788574,13358800.0,ETH-USD,12.455868,11.679900169372559,0.0,-0.6971673965454102
2016-09-03,11.75409984588623,11.793600082397461,11.473899841308594,11.679900169372559,11.679900169372559,7220550.0,ETH-USD,12.262498,11.717000007629395,0.5825977325439453,0.0
2016-09-04,11.680500030517578,11.806599617004395,11.593999862670898,11.717000007629395,11.717000007629395,5724100.0,ETH-USD,12.247625,11.68910026550293,0.0,-0.5306253433227539
2016-09-07,11.54580020904541,11.701399803161621,11.252400398254395,11.34589958190918,11.34589958190918,11535000.0,ETH-USD,11.962053,11.652799606323242,0.6161537170410156,0.0
2016-09-12,11.888699531555176,12.085599899291992,11.880800247192383,11.918700218200684,11.918700218200684,11704300.0,ETH-USD,12.491789,11.923199653625488,0.5730886459350586,0.0
2016-09-22,13.208000183105469,13.446900367736816,13.10159969329834,13.331299781799316,13.331299781799316,9166430.0,ETH-USD,13.866438,12.877900123596191,0.0,-0.5351381301879883
2016-09-27,13.107399940490723,13.483799934387207,13.081299781799316,13.274800300598145,13.274800300598145,10239000.0,ETH-USD,13.814954,13.073399543762207,0.0,-0.5401535034179688
2016-09-28,13.276800155639648,13.336099624633789,13.073399543762207,13.073399543762207,13.073399543762207,5990630.0,ETH-USD,13.686516,13.224800109863281,0.6131162643432617,0.0
2016-10-01,13.18019962310791,13.295900344848633,13.143099784851074,13.199700355529785,13.199700355529785,4079660.0,ETH-USD,13.730196,13.452400207519531,0.5304956436157227,0.0
2016-10-05,13.026300430297852,13.143600463867188,12.686800003051758,12.854299545288086,12.854299545288086,12044800.0,ETH-USD,13.447727,12.667099952697754,0.0,-0.5934276580810547
2016-10-10,11.762399673461914,12.160900115966797,11.751299858093262,11.785699844360352,11.785699844360352,11727700.0,ETH-USD,12.383711,11.933500289916992,0.5980110168457031,0.0
2016-10-14,11.936100006103516,11.996199607849121,11.776800155639648,11.983400344848633,11.983400344848633,4991840.0,ETH-USD,12.495802,11.951600074768066,0.0,-0.5124015808105469
2016-10-15,11.98169994354248,12.009699821472168,11.933199882507324,11.951600074768066,11.951600074768066,3617280.0,ETH-USD,12.482872,12.005000114440918,0.5312719345092773,0.0
2016-10-16,11.955599784851074,12.033900260925293,11.861300468444824,12.005000114440918,12.005000114440918,5724440.0,ETH-USD,12.515925,12.588500022888184,0.51092529296875,0.0
2016-10-17,11.99590015411377,12.927800178527832,11.99590015411377,12.588500022888184,12.588500022888184,18864200.0,ETH-USD,13.085532,12.022600173950195,0.0,-0.49703216552734375
2016-10-18,12.592599868774414,12.619099617004395,11.908499717712402,12.022600173950195,12.022600173950195,10576200.0,ETH-USD,12.741298,12.098999977111816,0.7186975479125977,0.0
2016-10-23,12.037199974060059,12.100700378417969,11.909099578857422,11.968999862670898,11.968999862670898,5739690.0,ETH-USD,12.540468,11.413999557495117,0.0,-0.5714683532714844
2016-10-24,11.967599868774414,11.993399620056152,11.147500038146973,11.413999557495117,11.413999557495117,19316000.0,ETH-USD,12.09828,11.531999588012695,0.6842803955078125,0.0
2016-10-25,11.384099960327148,11.662500381469727,11.384099960327148,11.531999588012695,11.531999588012695,10221800.0,ETH-USD,12.107307,11.499699592590332,0.0,-0.5753078460693359
2016-10-27,11.474900245666504,11.578399658203125,10.953900337219238,11.085100173950195,11.085100173950195,13971500.0,ETH-USD,11.74378,10.444600105285645,0.0,-0.6586799621582031
2016-10-28,11.100299835205078,11.19849967956543,9.56326961517334,10.444600105285645,10.444600105285645,27070400.0,ETH-USD,11.115119,11.18280029296875,0.6705188751220703,0.0
2016-10-31,11.229599952697754,11.498499870300293,10.935199737548828,10.998200416564941,10.998200416564941,13393900.0,ETH-USD,11.649933,10.76609992980957,0.0,-0.6517324447631836
2016-11-13,9.887649536132812,10.412699699401855,9.84175968170166,10.101499557495117,10.101499557495117,8227770.0,ETH-USD,10.717487,9.966480255126953,0.0,-0.6159877777099609
2016-11-14,10.098199844360352,10.157099723815918,9.956040382385254,9.966480255126953,9.966480255126953,3573250.0,ETH-USD,10.609425,10.217499732971191,0.6429443359375,0.0
2016-11-22,9.625760078430176,10.238800048828125,9.591099739074707,9.905719757080078,9.905719757080078,11284400.0,ETH-USD,10.507615,9.843620300292969,0.0,-0.6018953323364258
2016-11-28,8.99843978881836,9.011679649353027,8.723609924316406,8.724820137023926,8.724820137023926,6046890.0,ETH-USD,9.402834,8.17411994934082,0.0,-0.678013801574707
2016-12-03,7.766329765319824,8.151169776916504,7.668240070343018,7.921339988708496,7.921339988708496,12112100.0,ETH-USD,8.558877,7.4436798095703125,0.0,-0.6375370025634766
2016-12-07,7.894830226898193,8.540840148925781,7.328440189361572,8.38148021697998,8.38148021697998,22229600.0,ETH-USD,8.812523,8.230509757995605,0.0,-0.4310426712036133
2016-12-15,8.235329627990723,8.235329627990723,7.722410202026367,7.828470230102539,7.828470230102539,13184400.0,ETH-USD,8.566776,7.85821008682251,0.7383060455322266,0.0
2016-12-20,7.6336798667907715,7.7459001541137695,7.571599960327148,7.660039901733398,7.660039901733398,6313550.0,ETH-USD,8.287442,7.914400100708008,0.6274023056030273,0.0
2016-12-24,7.1524200439453125,7.405429840087891,7.1524200439453125,7.265769958496094,7.265769958496094,7626020.0,ETH-USD,7.927112,7.175079822540283,0.0,-0.6613421440124512
2016-12-29,7.539130210876465,8.527409553527832,7.539130210876465,8.284159660339355,8.284159660339355,27543800.0,ETH-USD,8.815799,8.159979820251465,0.0,-0.5316390991210938
2016-12-31,8.15114974975586,8.158559799194336,7.909379959106445,7.969099998474121,7.969099998474121,9066800.0,ETH-USD,8.680089,8.17257022857666,0.7109889984130859,0.0
2017-01-05,11.286800384521484,11.890899658203125,9.402680397033691,10.254400253295898,10.254400253295898,41557400.0,ETH-USD,11.216552,10.25469970703125,0.9621515274047852,0.0
2017-01-07,10.240900039672852,10.280400276184082,9.58584976196289,9.86719036102295,9.86719036102295,23153600.0,ETH-USD,10.592185,10.289799690246582,0.7249946594238281,0.0
2017-01-12,9.721389770507812,10.083999633789062,9.175580024719238,9.861330032348633,9.861330032348633,30453800.0,ETH-USD,10.438357,9.769499778747559,0.0,-0.5770273208618164
2017-01-14,9.786450386047363,9.890839576721191,9.44398021697998,9.646659851074219,9.646659851074219,20085800.0,ETH-USD,10.217655,9.90425968170166,0.5709953308105469,0.0
2017-01-16,9.883529663085938,9.925919532775879,9.583569526672363,9.636500358581543,9.636500358581543,14937400.0,ETH-USD,10.260426,10.302300453186035,0.6239252090454102,0.0
2017-01-18,10.29640007019043,10.516799926757812,9.935290336608887,10.227800369262695,10.227800369262695,10788200.0,ETH-USD,10.830362,10.397199630737305,0.6025619506835938,0.0
2017-01-22,10.910099983215332,10.971799850463867,10.576299667358398,10.703200340270996,10.703200340270996,8678620.0,ETH-USD,11.307689,10.820799827575684,0.6044883728027344,0.0
2017-01-27,10.584099769592285,10.607000350952148,10.442299842834473,10.537300109863281,10.537300109863281,7189170.0,ETH-USD,11.083006,10.5649995803833,0.5457057952880859,0.0
2017-01-28,10.538299560546875,10.583200454711914,10.429300308227539,10.5649995803833,10.5649995803833,6580700.0,ETH-USD,11.088052,10.484000205993652,0.0,-0.5230522155761719
2017-02-03,10.8125,11.114500045776367,10.755000114440918,11.114500045776367,11.114500045776367,12897800.0,ETH-USD,11.593699,11.433500289916992,0.4791994094848633,0.0
2017-02-08,11.540200233459473,11.630399703979492,11.243399620056152,11.43120002746582,11.43120002746582,9688630.0,ETH-USD,11.993995,11.03219985961914,0.0,-0.5627946853637695
2017-02-11,11.290800094604492,11.43179988861084,11.242400169372559,11.349499702453613,11.349499702453613,7544520.0,ETH-USD,11.869334,11.399200439453125,0.5198345184326172,0.0
2017-02-12,11.353300094604492,11.401300430297852,11.303999900817871,11.399200439453125,11.399200439453125,6264900.0,ETH-USD,11.915396,11.269499778747559,0.0,-0.5161952972412109
2017-02-15,13.03969955444336,13.03969955444336,12.637100219726562,12.919699668884277,12.919699668884277,18464700.0,ETH-USD,13.443841,12.90369987487793,0.0,-0.5241413116455078
2017-02-16,12.920999526977539,12.920999526977539,12.544699668884277,12.90369987487793,12.90369987487793,38002600.0,ETH-USD,13.4320545,12.67650032043457,0.0,-0.5283546447753906
2017-02-18,12.708399772644043,12.825799942016602,12.678799629211426,12.810199737548828,12.810199737548828,9370010.0,ETH-USD,13.306533,12.758500099182129,0.0,-0.49633312225341797
2017-02-21,12.34220027923584,12.770899772644043,12.210100173950195,12.668399810791016,12.668399810791016,15183300.0,ETH-USD,13.172563,12.599699974060059,0.0,-0.5041627883911133
2017-02-22,12.687199592590332,12.762499809265137,12.552599906921387,12.599699974060059,12.599699974060059,10360900.0,ETH-USD,13.136249,13.119400024414062,0.5365486145019531,0.0
2017-03-01,15.847200393676758,17.3710994720459,15.558899879455566,17.349700927734375,17.349700927734375,44927500.0,ETH-USD,17.596655,19.03019905090332,0.24695396423339844,0.0
2017-03-08,18.88249969482422,18.88249969482422,16.65130043029785,16.65130043029785,16.65130043029785,44304600.0,ETH-USD,17.780245,17.75469970703125,1.1289443969726562,0.0
2017-03-12,21.46489906311035,23.437700271606445,21.379499435424805,23.437700271606445,23.437700271606445,74628896.0,ETH-USD,23.515184,28.592899322509766,0.077484130859375,0.0
2017-03-13,23.504899978637695,30.60379981994629,23.504899978637695,28.592899322509766,28.592899322509766,255488000.0,ETH-USD,28.596684,28.654600143432617,0.0037841796875,0.0
2017-03-16,35.3572998046875,47.1697998046875,35.3572998046875,46.34579849243164,46.34579849243164,454417984.0,ETH-USD,44.95334,46.827999114990234,-1.3924598693847656,0.0
2017-03-18,46.87419891357422,46.87419891357422,31.70210075378418,34.16019821166992,34.16019821166992,262180000.0,ETH-USD,38.765583,44.7401008605957,4.605384826660156,0.0
2017-03-20,44.83359909057617,46.22890090942383,42.444698333740234,43.390201568603516,43.390201568603516,154700992.0,ETH-USD,44.36138,43.14509963989258,0.0,-0.9711799621582031
2017-03-26,50.769901275634766,51.80289840698242,49.28390121459961,50.52159881591797,50.52159881591797,106859000.0,ETH-USD,50.24922,50.774898529052734,-0.27237701416015625,0.0
2017-03-27,49.71039962768555,50.956298828125,49.14509963989258,50.774898529052734,50.774898529052734,97745296.0,ETH-USD,50.68906,53.1260986328125,-0.08583831787109375,0.0
2017-04-04,44.66109848022461,47.84339904785156,44.53810119628906,45.30400085449219,45.30400085449219,119733000.0,ETH-USD,45.51054,43.24209976196289,0.0,-0.20653915405273438
2017-04-07,41.79840087890625,45.205299377441406,41.73080062866211,44.307098388671875,44.307098388671875,74138800.0,ETH-USD,44.07717,43.266998291015625,0.0,0.22992706298828125
2017-04-09,43.2775993347168,44.13589859008789,42.415401458740234,43.43519973754883,43.43519973754883,44061500.0,ETH-USD,43.38735,43.40719985961914,0.0,0.0478515625
2017-04-12,46.31060028076172,50.91379928588867,46.31060028076172,50.219398498535156,50.219398498535156,157200000.0,ETH-USD,49.6679,47.574100494384766,0.0,0.5514984130859375
2017-05-02,77.25399780273438,80.09529876708984,75.76339721679688,79.71820068359375,79.71820068359375,141922000.0,ETH-USD,79.25523,96.9813995361328,-0.4629669189453125,0.0
2017-05-04,96.73470306396484,103.23300170898438,92.22039794921875,94.39849853515625,94.39849853515625,331928000.0,ETH-USD,96.1359,97.8134994506836,1.7374038696289062,0.0
2017-05-12,88.69439697265625,93.81230163574219,86.66020202636719,90.83540344238281,90.83540344238281,88742200.0,ETH-USD,90.95923,90.7864990234375,0.0,-0.1238250732421875
2017-05-14,90.78410339355469,95.43049621582031,86.8292007446289,92.41490173339844,92.41490173339844,170999008.0,ETH-USD,91.59657,89.43800354003906,0.0,0.818328857421875
2017-05-20,127.53700256347656,159.0260009765625,125.88899993896484,157.93699645996094,157.93699645996094,570361024.0,ETH-USD,153.93915,174.26100158691406,-3.9978485107421875,0.0
2017-05-23,182.6490020751953,228.37399291992188,182.44700622558594,190.04600524902344,190.04600524902344,561014016.0,ETH-USD,198.57501,174.4459991455078,0.0,-8.529006958007812
2017-06-09,282.0140075683594,350.260986328125,282.0140075683594,337.6679992675781,337.6679992675781,1611629952.0,ETH-USD,330.93005,340.6090087890625,-6.737945556640625,0.0
2017-06-13,397.5889892578125,399.3240051269531,342.2149963378906,359.0530090332031,359.0530090332031,1272579968.0,ETH-USD,367.47186,361.9330139160156,8.418853759765625,0.0
2017-06-15,361.1820068359375,373.05499267578125,341.4169921875,370.22698974609375,370.22698974609375,1096280064.0,ETH-USD,362.19125,379.41400146484375,-8.035736083984375,0.0
2017-06-16,369.88299560546875,379.41400146484375,364.00201416015625,379.41400146484375,379.41400146484375,904652992.0,ETH-USD,373.7489,371.4580078125,0.0,5.66510009765625
2017-06-25,302.9549865722656,311.4580078125,238.6490020751953,272.6919860839844,272.6919860839844,2081810048.0,ETH-USD,275.4005,293.0880126953125,2.708526611328125,0.0
2017-07-05,268.8580017089844,278.47601318359375,265.5119934082031,270.54901123046875,270.54901123046875,623080000.0,ETH-USD,268.02502,245.99099731445312,0.0,2.52398681640625
2017-07-07,245.88999938964844,273.47698974609375,236.55099487304688,251.69700622558594,251.69700622558594,754958016.0,ETH-USD,252.89749,242.13699340820312,0.0,-1.2004852294921875
2017-07-16,159.99099731445312,194.7530059814453,158.04400634765625,193.4239959716797,193.4239959716797,1669500032.0,ETH-USD,184.54617,234.39100646972656,-8.877822875976562,0.0
2017-07-18,234.9409942626953,245.6510009765625,191.7449951171875,199.7030029296875,199.7030029296875,2328790016.0,ETH-USD,213.38167,227.26499938964844,13.678665161132812,0.0
2017-07-19,205.4219970703125,233.9040069580078,203.21600341796875,227.26499938964844,227.26499938964844,2224999936.0,ETH-USD,228.03534,218.30499267578125,0.0,-0.7703399658203125
2017-08-08,297.6319885253906,318.71600341796875,276.69000244140625,296.0270080566406,296.0270080566406,2638579968.0,ETH-USD,299.00894,295.8919982910156,0.0,-2.98193359375
2017-08-14,299.9519958496094,300.40899658203125,279.3269958496094,289.8179931640625,289.8179931640625,1051800000.0,ETH-USD,289.51373,302.2669982910156,-0.30426025390625,0.0
2017-08-18,296.1809997558594,301.6669921875,286.1830139160156,297.4700012207031,297.4700012207031,860201984.0,ETH-USD,295.93747,301.4280090332031,-1.53253173828125,0.0
2017-09-02,350.22900390625,366.48699951171875,332.23199462890625,347.4840087890625,347.4840087890625,986265984.0,ETH-USD,347.61267,295.1709899902344,0.0,-0.128662109375
2017-09-15,250.86599731445312,262.5929870605469,238.22300720214844,246.52200317382812,246.52200317382812,711737024.0,ETH-USD,245.82533,251.74899291992188,-0.6966705322265625,0.0
2017-09-18,293.656005859375,295.76800537109375,274.4840087890625,282.8039855957031,282.8039855957031,646908992.0,ETH-USD,283.7136,283.74200439453125,0.90960693359375,0.0
2017-09-23,286.2139892578125,292.947998046875,278.1319885253906,282.4830017089844,282.4830017089844,571411008.0,ETH-USD,282.68158,292.3320007324219,0.198577880859375,0.0
2017-10-05,295.1549987792969,308.8399963378906,294.947998046875,308.5880126953125,308.5880126953125,318664000.0,ETH-USD,305.24258,311.1239929199219,-3.345428466796875,0.0
2017-10-07,311.0589904785156,312.5419921875,308.02801513671875,308.6080017089844,308.6080017089844,293167008.0,ETH-USD,308.3289,297.3919982910156,0.0,0.27911376953125
2017-10-08,308.6669921875,309.31298828125,288.18499755859375,297.3919982910156,297.3919982910156,559467008.0,ETH-USD,298.27307,299.8699951171875,0.881072998046875,0.0
2017-10-11,303.49798583984375,309.1510009765625,303.2900085449219,304.135986328125,304.135986328125,527556992.0,ETH-USD,303.71323,338.7569885253906,-0.422760009765625,0.0
2017-10-13,338.85198974609375,347.9750061035156,334.697998046875,339.62799072265625,339.62799072265625,516561984.0,ETH-USD,340.95554,336.5950012207031,0.0,-1.327545166015625
2017-10-16,333.4840087890625,333.4840087890625,311.7869873046875,317.0820007324219,317.0820007324219,509924000.0,ETH-USD,320.284,314.3190002441406,0.0,-3.201995849609375
2017-10-17,316.9440002441406,317.2359924316406,290.635986328125,314.3190002441406,314.3190002441406,606113984.0,ETH-USD,311.16635,308.0880126953125,0.0,3.15264892578125
2017-10-19,308.0459899902344,311.43798828125,303.4939880371094,304.0060119628906,304.0060119628906,396672992.0,ETH-USD,304.14725,300.18701171875,0.0,-0.1412353515625
2017-10-22,295.09600830078125,295.74798583984375,277.57501220703125,286.95001220703125,286.95001220703125,482336000.0,ETH-USD,285.81555,298.3280029296875,-1.13446044921875,0.0
2017-10-25,298.0220031738281,301.0660095214844,295.2229919433594,296.5270080566406,296.5270080566406,270272992.0,ETH-USD,295.9712,297.4230041503906,-0.555816650390625,0.0
2017-10-30,304.7820129394531,310.4960021972656,304.35198974609375,307.7510070800781,307.7510070800781,331441984.0,ETH-USD,306.79755,305.8789978027344,0.0,0.953460693359375
2017-11-03,288.49700927734375,308.31298828125,287.6929931640625,305.71099853515625,305.71099853515625,646339968.0,ETH-USD,300.69794,300.468994140625,0.0,5.0130615234375
2017-11-13,307.0249938964844,328.4150085449219,307.0249938964844,316.71600341796875,316.71600341796875,1041889984.0,ETH-USD,317.1412,337.6310119628906,0.425201416015625,0.0
2017-11-16,333.4429931640625,336.15899658203125,323.6059875488281,330.92401123046875,330.92401123046875,797254016.0,ETH-USD,330.7472,332.3940124511719,-0.17681884765625,0.0
2017-11-21,367.4429931640625,372.4700012207031,350.6929931640625,360.4010009765625,360.4010009765625,949912000.0,ETH-USD,361.76987,380.6520080566406,1.368865966796875,0.0
2017-11-22,360.31201171875,381.4200134277344,360.1470031738281,380.6520080566406,380.6520080566406,800819008.0,ETH-USD,377.3617,410.1659851074219,-3.290313720703125,0.0
2017-11-24,412.5010070800781,480.9729919433594,402.75799560546875,474.9110107421875,474.9110107421875,2292829952.0,ETH-USD,467.89987,466.2760009765625,0.0,7.011138916015625
2017-11-26,465.9739990234375,472.7229919433594,451.6059875488281,471.3299865722656,471.3299865722656,1197779968.0,ETH-USD,472.34232,480.3550109863281,1.0123291015625,0.0
2017-11-29,473.281005859375,522.3070068359375,425.0710144042969,427.52301025390625,427.52301025390625,2675940096.0,ETH-USD,448.85245,447.114013671875,21.329437255859375,0.0
2017-11-30,431.2149963378906,465.49700927734375,401.2430114746094,447.114013671875,447.114013671875,1903040000.0,ETH-USD,449.22076,466.5400085449219,2.10675048828125,0.0
2017-12-06,462.60400390625,462.7080078125,420.2099914550781,428.5880126953125,428.5880126953125,1998259968.0,ETH-USD,433.70352,434.4079895019531,5.115509033203125,0.0
2017-12-10,472.78900146484375,472.78900146484375,429.5140075683594,441.72100830078125,441.72100830078125,1404179968.0,ETH-USD,448.99832,515.135986328125,7.277313232421875,0.0
2017-12-11,440.3580017089844,516.968994140625,439.10400390625,515.135986328125,515.135986328125,1771440000.0,ETH-USD,506.03165,651.4310302734375,-9.104339599609375,0.0
2017-12-13,644.906005859375,747.9929809570312,597.7979736328125,702.7670288085938,702.7670288085938,4524539904.0,ETH-USD,708.18823,695.8159790039062,0.0,-5.42120361328125
2017-12-30,753.8150024414062,753.8150024414062,685.2310180664062,717.2570190429688,717.2570190429688,3187780096.0,ETH-USD,718.10895,756.7329711914062,0.8519287109375,0.0
2017-12-31,712.2119750976562,760.3480224609375,710.1190185546875,756.7329711914062,756.7329711914062,2554269952.0,ETH-USD,750.3641,772.6409912109375,-6.368896484375,0.0
2018-01-02,772.3460083007812,914.8300170898438,772.3460083007812,884.4439697265625,884.4439697265625,5783349760.0,ETH-USD,880.9747,962.719970703125,-3.46929931640625,0.0
2018-01-05,975.75,1075.3900146484375,956.3250122070312,997.719970703125,997.719970703125,6683149824.0,ETH-USD,1022.6741,1041.6800537109375,24.9541015625,0.0
2018-01-10,1300.3399658203125,1417.3800048828125,1226.5999755859375,1255.8199462890625,1255.8199462890625,9214950400.0,ETH-USD,1292.1172,1154.9300537109375,0.0,-36.2972412109375
2018-01-13,1270.469970703125,1432.8800048828125,1270.469970703125,1396.4200439453125,1396.4200439453125,5746760192.0,ETH-USD,1389.246,1366.77001953125,0.0,7.174072265625
2018-01-17,1061.3399658203125,1090.22998046875,780.9219970703125,1014.25,1014.25,8545160192.0,ETH-USD,991.288,1036.280029296875,-22.96197509765625,0.0
2018-01-23,1004.1699829101562,1023.22998046875,920.5399780273438,986.22900390625,986.22900390625,3556699904.0,ETH-USD,980.93536,1058.780029296875,-5.29364013671875,0.0
2018-02-01,1119.3699951171875,1161.3499755859375,984.8189697265625,1036.7900390625,1036.7900390625,5261680128.0,ETH-USD,1050.4058,915.7849731445312,0.0,-13.61572265625
2018-02-09,818.47998046875,884.0040283203125,788.833984375,883.864990234375,883.864990234375,2495820032.0,ETH-USD,876.09595,860.4149780273438,0.0,7.76904296875
2018-02-10,882.4669799804688,917.4000244140625,825.5770263671875,860.4149780273438,860.4149780273438,2930530048.0,ETH-USD,870.33606,814.6599731445312,0.0,-9.92108154296875
2018-02-15,923.72802734375,951.947998046875,911.1110229492188,936.9760131835938,936.9760131835938,2900100096.0,ETH-USD,939.7904,944.2100219726562,2.81439208984375,0.0
2018-03-01,856.0120239257812,880.302001953125,851.9199829101562,872.2000122070312,872.2000122070312,1868519936.0,ETH-USD,871.5219,856.85302734375,0.0,0.6781005859375
2018-03-02,871.7639770507812,876.3779907226562,852.4219970703125,856.85302734375,856.85302734375,1894419968.0,ETH-USD,859.1483,857.2249755859375,2.2952880859375,0.0
2018-03-10,730.1599731445312,748.031005859375,682.6950073242188,686.8900146484375,686.8900146484375,1532960000.0,ETH-USD,694.8407,723.3389892578125,7.95068359375,0.0
2018-03-15,614.8389892578125,620.6160278320312,579.5050048828125,611.3040161132812,611.3040161132812,1770460032.0,ETH-USD,609.8532,601.666015625,0.0,1.4508056640625
2018-03-18,551.6400146484375,551.6400146484375,460.0880126953125,538.6439819335938,538.6439819335938,2685499904.0,ETH-USD,532.63794,556.7260131835938,-6.00604248046875,0.0
2018-03-20,556.7219848632812,567.0900268554688,521.2039794921875,557.1749877929688,557.1749877929688,1833680000.0,ETH-USD,551.92236,561.7319946289062,-5.25262451171875,0.0
2018-03-21,559.0999755859375,589.6069946289062,550.572021484375,561.7319946289062,561.7319946289062,1781270016.0,ETH-USD,565.41547,539.7020263671875,0.0,-3.6834716796875
2018-03-22,562.10302734375,577.5659790039062,523.0889892578125,539.7020263671875,539.7020263671875,1523459968.0,ETH-USD,547.91046,539.6190185546875,0.0,-8.20843505859375
2018-03-25,522.7030029296875,535.8209838867188,515.6589965820312,524.2869873046875,524.2869873046875,1151170048.0,ETH-USD,493.8237,450.1159973144532,0.0,30.463287353515625
2018-03-28,448.07501220703125,450.81298828125,385.81298828125,385.9679870605469,385.9679870605469,1970230016.0,ETH-USD,400.63602,394.6449890136719,14.66802978515625,0.0
2018-04-01,379.6990051269531,395.1709899902344,377.5929870605469,386.42498779296875,386.42498779296875,1102259968.0,ETH-USD,387.30124,416.89300537109375,0.876251220703125,0.0
2018-04-05,382.7309875488281,385.19500732421875,366.9110107421875,370.2850036621094,370.2850036621094,967105984.0,ETH-USD,374.65237,385.3139953613281,4.36737060546875,0.0
2018-04-06,370.3800048828125,393.0589904785156,369.9360046386719,385.3139953613281,385.3139953613281,951475008.0,ETH-USD,386.60892,400.50799560546875,1.294921875,0.0
2018-04-14,502.8800048828125,531.7020263671875,502.8800048828125,531.7020263671875,531.7020263671875,1726089984.0,ETH-USD,532.8317,511.1470031738281,0.0,-1.12969970703125
2018-04-17,503.3089904785156,525.0919799804688,503.0450134277344,524.7890014648438,524.7890014648438,1762940032.0,ETH-USD,524.96484,567.8889770507812,0.17584228515625,0.0
2018-04-19,567.989013671875,618.7150268554688,560.2830200195312,615.718017578125,615.718017578125,2849469952.0,ETH-USD,612.78864,605.39501953125,0.0,2.92938232421875
2018-04-20,616.0040283203125,621.8880004882812,578.5499877929688,605.39501953125,605.39501953125,2612460032.0,ETH-USD,609.6578,621.8599853515625,4.26275634765625,0.0
2018-04-23,643.3980102539062,708.875,643.3980102539062,708.1580200195312,708.1580200195312,3581860096.0,ETH-USD,704.5903,615.416015625,0.0,3.5677490234375
2018-04-25,618.0789794921875,663.1810302734375,604.0070190429688,662.8090209960938,662.8090209960938,2984009984.0,ETH-USD,660.2111,647.031982421875,0.0,2.597900390625
2018-04-27,644.64599609375,691.4420166015625,644.64599609375,683.677978515625,683.677978515625,2496659968.0,ETH-USD,684.5393,688.8809814453125,0.861328125,0.0
2018-05-04,784.5830078125,827.4550170898438,784.2369995117188,816.1199951171875,816.1199951171875,3035040000.0,ETH-USD,819.305,792.3109741210938,0.0,-3.18499755859375
2018-05-12,687.1749877929688,741.31201171875,675.3189697265625,733.4959716796875,733.4959716796875,2362500096.0,ETH-USD,723.8389,730.5490112304688,0.0,9.65704345703125
2018-05-19,697.9229736328125,723.7529907226562,692.6690063476562,715.3690185546875,715.3690185546875,2156910080.0,ETH-USD,712.7347,699.2219848632812,0.0,2.63433837890625
2018-05-24,602.1400146484375,617.1859741210938,575.6240234375,586.7340087890625,586.7340087890625,2110919936.0,ETH-USD,586.9205,587.280029296875,0.18646240234375,0.0
2018-05-26,588.52001953125,590.3280029296875,562.8660278320312,572.6680297851562,572.6680297851562,1788790016.0,ETH-USD,573.1365,516.0360107421875,0.0,-0.46844482421875
2018-05-30,558.4970092773438,585.5380249023438,557.0659790039062,577.64501953125,577.64501953125,1985040000.0,ETH-USD,576.5528,580.0430297851562,-1.09222412109375,0.0
2018-06-02,591.2589721679688,624.5130004882812,591.2589721679688,618.3289794921875,618.3289794921875,1832550016.0,ETH-USD,616.4068,592.9849853515625,0.0,1.92218017578125
2018-06-03,619.43701171875,623.4290161132812,583.7470092773438,592.9849853515625,592.9849853515625,1903430016.0,ETH-USD,598.68445,609.302978515625,5.699462890625,0.0
2018-06-04,593.406005859375,611.3300170898438,580.9819946289062,609.302978515625,609.302978515625,1844269952.0,ETH-USD,606.9424,607.1240234375,0.0,2.360595703125
2018-06-05,610.2620239257812,611.6430053710938,596.39599609375,607.1240234375,607.1240234375,1756530048.0,ETH-USD,605.32446,605.18701171875,0.0,1.799560546875
2018-06-11,532.7100219726562,538.9550170898438,491.2349853515625,496.8429870605469,496.8429870605469,1932760064.0,ETH-USD,503.15677,477.4939880371094,0.0,-6.31378173828125
2018-06-13,478.3810119628906,523.5449829101562,467.46600341796875,519.7420043945312,519.7420043945312,2458650112.0,ETH-USD,511.54263,491.0039978027344,0.0,8.199371337890625
2018-06-16,499.4599914550781,507.6409912109375,498.64801025390625,500.447998046875,500.447998046875,1264870016.0,ETH-USD,501.70963,518.8909912109375,1.261627197265625,0.0
2018-07-05,474.35699462890625,479.6520080566406,457.614990234375,474.0119934082031,474.0119934082031,1627609984.0,ETH-USD,474.08856,491.6600036621094,0.076568603515625,0.0
2018-07-06,474.0570068359375,491.6600036621094,466.83599853515625,491.6600036621094,491.6600036621094,1358360064.0,ETH-USD,488.5641,489.1189880371094,0.0,3.095916748046875
2018-07-10,434.5150146484375,447.3160095214844,429.5069885253906,446.51800537109375,446.51800537109375,1422470016.0,ETH-USD,445.02124,430.0740051269531,0.0,1.49676513671875
2018-07-19,469.3070068359375,469.3070068359375,443.6929931640625,450.697998046875,450.697998046875,1821350016.0,ETH-USD,454.57416,462.4360046386719,3.87615966796875,0.0
2018-07-20,450.6789855957031,468.0830078125,445.7760009765625,462.4360046386719,462.4360046386719,1504310016.0,ETH-USD,460.994,459.6570129394531,0.0,1.4420166015625
2018-07-21,462.43798828125,470.89801025390625,458.1189880371094,459.6570129394531,459.6570129394531,1338589952.0,ETH-USD,461.3047,450.8529968261719,0.0,-1.647674560546875
2018-07-26,464.0090026855469,473.22198486328125,458.2909851074219,469.6659851074219,469.6659851074219,1734259968.0,ETH-USD,469.8939,466.89801025390625,0.0,-0.2279052734375
2018-07-30,457.2449951171875,457.2449951171875,430.4440002441406,433.86700439453125,433.86700439453125,1820680000.0,ETH-USD,437.30984,420.74700927734375,0.0,-3.442840576171875
2018-08-09,365.7760009765625,367.0450134277344,329.58599853515625,334.1759948730469,334.1759948730469,1699400000.0,ETH-USD,339.533,322.11199951171875,0.0,-5.35699462890625
2018-08-18,295.6700134277344,307.0979919433594,291.3320007324219,300.8340148925781,300.8340148925781,1447910000.0,ETH-USD,301.95508,274.31500244140625,0.0,-1.121063232421875
2018-08-26,275.3500061035156,285.6029968261719,273.6499938964844,285.6029968261719,285.6029968261719,1406790000.0,ETH-USD,283.69388,296.4989929199219,-1.90911865234375,0.0
2018-09-02,295.1809997558594,295.59100341796875,287.4320068359375,289.2590026855469,289.2590026855469,1394490000.0,ETH-USD,290.76166,285.7229919433594,0.0,-1.502655029296875
2018-09-08,198.38499450683594,207.66600036621094,188.30599975585938,196.9239959716797,196.9239959716797,1585980000.0,ETH-USD,198.1503,197.07899475097656,1.2263031005859375,0.0
2018-09-12,183.6790008544922,214.0019989013672,183.6790008544922,211.35400390625,211.35400390625,2330720000.0,ETH-USD,206.88016,211.74899291992188,-4.473846435546875,0.0
2018-09-17,197.09500122070312,213.35699462890625,195.9340057373047,209.97500610351562,209.97500610351562,1800640000.0,ETH-USD,210.56934,209.968994140625,0.0,-0.594329833984375
2018-09-18,209.4720001220703,213.87100219726562,201.656005859375,209.968994140625,209.968994140625,1733330000.0,ETH-USD,210.27112,224.59100341796875,0.3021240234375,0.0
2018-09-22,240.99200439453125,247.46400451660156,237.85699462890625,244.3300018310547,244.3300018310547,1693470000.0,ETH-USD,245.68045,228.72999572753906,0.0,-1.3504486083984375
2018-09-26,215.44000244140625,230.60699462890625,212.6540069580078,228.49400329589844,228.49400329589844,2030320000.0,ETH-USD,225.78159,222.40199279785156,0.0,2.7124176025390625
2018-10-02,226.40699768066406,226.45799255371094,213.9709930419922,220.48899841308594,220.48899841308594,1683930000.0,ETH-USD,220.35782,222.21800231933594,-0.1311798095703125,0.0
2018-10-05,227.552001953125,227.92599487304688,224.24600219726562,225.1199951171875,225.1199951171875,1505070000.0,ETH-USD,224.81668,226.11900329589844,-0.303314208984375,0.0
2018-10-07,226.50900268554688,230.76499938964844,224.5570068359375,229.2550048828125,229.2550048828125,1470740000.0,ETH-USD,227.72287,227.98199462890625,0.0,1.532135009765625
2018-10-15,209.6280059814453,212.17300415039062,207.98399353027344,210.1199951171875,210.1199951171875,1532280000.0,ETH-USD,210.59535,207.08299255371094,0.0,-0.4753570556640625
2018-10-16,210.2169952392578,211.125,205.92799377441406,207.08299255371094,207.08299255371094,1444130000.0,ETH-USD,207.72969,203.3520050048828,0.0,-0.646697998046875
2018-10-19,203.51499938964844,206.2220001220703,203.0850067138672,205.42999267578125,205.42999267578125,1238780000.0,ETH-USD,204.22276,205.14199829101562,0.0,1.2072296142578125
2018-11-01,197.53700256347656,203.75399780273438,197.3280029296875,198.8719940185547,198.8719940185547,1336700000.0,ETH-USD,198.13916,200.63499450683594,-0.7328338623046875,0.0
2018-11-02,198.98199462890625,201.2689971923828,198.7550048828125,200.63499450683594,200.63499450683594,1451870000.0,ETH-USD,199.58447,200.18600463867188,0.0,1.0505218505859375
2018-11-06,209.4739990234375,218.45199584960938,207.8939971923828,218.45199584960938,218.45199584960938,1856940000.0,ETH-USD,215.97058,217.18299865722656,0.0,2.481414794921875
2018-11-08,217.32699584960938,218.33799743652344,212.19900512695312,212.2310028076172,212.2310028076172,1769080000.0,ETH-USD,213.20667,210.07400512695312,0.0,-0.9756622314453125
2018-11-17,175.36000061035156,175.8509979248047,172.86900329589844,174.00100708007812,174.00100708007812,1832800000.0,ETH-USD,172.9188,177.06700134277344,-1.08221435546875,0.0
2018-11-22,136.81100463867188,137.74000549316406,126.70600128173828,126.70600128173828,126.70600128173828,1792150000.0,ETH-USD,127.80324,123.2959976196289,0.0,-1.0972366333007812
2018-11-25,113.1259994506836,118.88099670410156,101.7699966430664,116.44999694824219,116.44999694824219,2466750000.0,ETH-USD,114.80348,108.33499908447266,0.0,1.646514892578125
2018-11-28,110.197998046875,126.0479965209961,110.197998046875,122.43800354003906,122.43800354003906,2673470000.0,ETH-USD,120.52709,117.54264831542969,0.0,1.9109115600585938
2018-12-14,86.63035583496094,87.14494323730469,83.22647857666016,84.30829620361328,84.30829620361328,1651491877.0,ETH-USD,85.32702,84.44081115722656,1.0187225341796875,0.0
2018-12-16,84.46940612792969,87.56812286376953,84.46940612792969,85.26210021972656,85.26210021972656,1565817037.0,ETH-USD,85.84367,95.13382720947266,0.581573486328125,0.0
2018-12-27,131.923583984375,132.67706298828125,115.65010070800781,116.57591247558594,116.57591247558594,2612804378.0,ETH-USD,121.07258,137.6470184326172,4.496665954589844,0.0
2018-12-31,140.03106689453125,140.18115234375,132.51939392089844,133.36825561523438,133.36825561523438,2358360234.0,ETH-USD,135.10852,140.8194122314453,1.740264892578125,0.0
2019-01-01,133.41815185546875,141.3975067138672,132.6507110595703,140.8194122314453,140.8194122314453,2258709868.0,ETH-USD,139.59535,155.0476837158203,-1.22406005859375,0.0
2019-01-06,155.80422973632812,159.37144470214844,152.08592224121094,157.74620056152344,157.74620056152344,3231294371.0,ETH-USD,157.1336,151.69921875,0.0,0.6125946044921875
2019-01-16,121.80924224853516,127.11824798583984,121.44141387939453,123.54706573486328,123.54706573486328,2746469340.0,ETH-USD,123.42059,123.74192047119139,-0.12647247314453125,0.0
2019-01-17,123.57353973388672,124.27072143554688,120.81703186035156,123.7419204711914,123.7419204711914,2594091285.0,ETH-USD,122.57233,121.01026153564453,0.0,1.1695938110351562
2019-01-18,123.65465545654297,123.84169006347656,120.24189758300781,121.01026153564453,121.01026153564453,2305389800.0,ETH-USD,120.344986,124.5190200805664,-0.6652755737304688,0.0
2019-01-27,116.51031494140625,116.68540954589844,113.40528869628906,113.40528869628906,113.40528869628906,2775888287.0,ETH-USD,113.40966,106.58997344970703,0.0,-0.00437164306640625
2019-02-03,110.49031829833984,110.82735443115234,106.5639877319336,107.49266815185547,107.49266815185547,2519334757.0,ETH-USD,107.164856,107.82160186767578,-0.32781219482421875,0.0
2019-02-09,119.214111328125,120.68973541259766,118.00040435791016,119.4308853149414,119.4308853149414,2884650400.0,ETH-USD,118.66353,124.80648803710938,-0.7673568725585938,0.0
2019-02-15,121.45369720458984,123.66012573242188,121.37191772460938,122.10038757324219,122.10038757324219,3021741615.0,ETH-USD,121.80421,123.26021575927734,-0.29618072509765625,0.0
2019-02-19,146.39881896972656,149.9299774169922,145.1284637451172,145.34619140625,145.34619140625,5310842625.0,ETH-USD,145.92334,149.55433654785156,0.5771484375,0.0
2019-02-23,148.67662048339844,159.12586975097656,147.3310546875,158.79542541503906,158.79542541503906,4519468458.0,ETH-USD,156.24727,135.8526611328125,0.0,2.54815673828125
2019-02-24,158.90240478515625,165.54962158203125,135.8526611328125,135.8526611328125,135.8526611328125,5957715043.0,ETH-USD,142.61717,139.82286071777344,6.7645111083984375,0.0
2019-03-01,136.83624267578125,138.99526977539062,136.43478393554688,136.44361877441406,136.44361877441406,3756124824.0,ETH-USD,135.6452,134.2069549560547,0.0,0.7984161376953125
2019-03-02,136.35008239746094,137.18479919433594,132.43638610839844,134.2069549560547,134.2069549560547,3747176425.0,ETH-USD,133.54494,132.24942016601562,0.0,0.662017822265625
2019-03-10,138.1804962158203,138.2703094482422,135.68568420410156,136.75868225097656,136.75868225097656,4578438499.0,ETH-USD,135.78351,133.8340301513672,0.0,0.9751739501953125
2019-03-12,134.01284790039062,135.27346801757812,130.94415283203125,134.44288635253906,134.44288635253906,4709988000.0,ETH-USD,133.00882,133.26307678222656,0.0,1.4340667724609375
2019-03-20,140.48471069335938,140.94557189941406,138.30703735351562,140.6863555908203,140.6863555908203,4664134462.0,ETH-USD,139.21869,136.6360626220703,0.0,1.4676666259765625
2019-03-25,137.08135986328125,137.69534301757812,133.4901580810547,135.03102111816406,135.03102111816406,4480516753.0,ETH-USD,134.31042,135.46035766601562,-0.7205963134765625,0.0
2019-03-29,139.34320068359375,142.5492401123047,138.04510498046875,142.49742126464844,142.49742126464844,5125602702.0,ETH-USD,140.86906,142.09268188476562,0.0,1.62835693359375
2019-04-14,167.89747619628906,168.81845092773438,159.5557403564453,161.5741729736328,161.5741729736328,5672311824.0,ETH-USD,161.53905,167.62344360351562,-0.035125732421875,0.0
2019-04-20,173.7154083251953,174.4207763671875,167.4285888671875,170.04652404785156,170.04652404785156,6005571688.0,ETH-USD,169.65977,171.87466430664062,-0.386749267578125,0.0
2019-05-01,160.85357666015625,162.93701171875,160.06069946289062,162.12278747558594,162.12278747558594,6044171062.0,ETH-USD,160.9427,167.95240783691406,-1.180084228515625,0.0
2019-05-03,167.88722229003906,170.64593505859375,161.7914276123047,164.02658081054688,164.02658081054688,6658100049.0,ETH-USD,164.3943,163.45069885253906,0.0,-0.3677215576171875
2019-05-08,170.95187377929688,172.88040161132812,167.2478790283203,170.289306640625,170.289306640625,6546914198.0,ETH-USD,169.49542,173.1427459716797,-0.79388427734375,0.0
2019-05-15,246.94195556640625,275.3944396972656,245.7952880859375,264.010009765625,264.010009765625,18661465873.0,ETH-USD,263.95282,243.76458740234375,0.0,0.05718994140625
2019-05-19,261.2674865722656,261.55126953125,241.80364990234375,251.86441040039062,251.86441040039062,10834541285.0,ETH-USD,251.30571,255.21588134765625,-0.5587005615234375,0.0
2019-05-20,251.64784240722656,262.1075439453125,248.19630432128906,255.21588134765625,255.21588134765625,11545049593.0,ETH-USD,254.74997,244.69891357421875,0.0,0.465911865234375
2019-05-24,249.6940460205078,257.3568420410156,249.0887908935547,251.75987243652344,251.75987243652344,8924985385.0,ETH-USD,250.88768,267.06964111328125,-0.8721923828125,0.0
2019-05-27,272.5904846191406,274.3208312988281,267.5143737792969,271.7687072753906,271.7687072753906,10362846898.0,ETH-USD,271.27603,269.4556884765625,0.0,0.49267578125
2019-06-07,251.2493133544922,252.3773956298828,243.22911071777344,245.73809814453125,245.73809814453125,7225996863.0,ETH-USD,245.45724,233.08670043945312,0.0,0.280853271484375
2019-06-08,245.5404815673828,245.9728240966797,229.25743103027344,233.08670043945312,233.08670043945312,7566421456.0,ETH-USD,234.67029,247.52012634277344,1.583587646484375,0.0
2019-06-18,265.0568542480469,270.3333740234375,264.7547912597656,269.4317932128906,269.4317932128906,5516510947.0,ETH-USD,268.50204,271.69500732421875,-0.92974853515625,0.0
2019-06-22,309.41668701171875,318.565673828125,305.76458740234375,307.8277893066406,307.8277893066406,8161062380.0,ETH-USD,311.2086,310.4246826171875,3.38079833984375,0.0
2019-06-24,310.6786193847656,318.1263122558594,307.6431579589844,318.1263122558594,318.1263122558594,9641764965.0,ETH-USD,316.787,336.753173828125,-1.339324951171875,0.0
2019-06-25,317.9925842285156,361.398681640625,315.9548645019531,336.753173828125,336.753173828125,16437084081.0,ETH-USD,339.9199,294.26763916015625,0.0,-3.166717529296875
2019-06-27,294.1430358886719,313.03155517578125,292.9398193359375,311.2261047363281,311.2261047363281,11514656820.0,ETH-USD,311.54434,320.05889892578125,0.3182373046875,0.0
2019-07-09,308.8512878417969,313.0694580078125,285.5657958984375,290.0023193359375,290.0023193359375,11679985167.0,ETH-USD,295.59378,268.70404052734375,0.0,-5.591461181640625
2019-07-13,269.2816162109375,269.6412353515625,227.2692108154297,227.57806396484375,227.57806396484375,8578339386.0,ETH-USD,237.04951,229.7760009765625,9.471450805664062,0.0
2019-07-22,217.56846618652344,218.51805114746094,209.63812255859375,212.728515625,212.728515625,6976091534.0,ETH-USD,213.26584,217.04637145996094,0.537322998046875,0.0
2019-08-03,222.580810546875,224.227294921875,218.49217224121094,222.6697235107422,222.6697235107422,5238542572.0,ETH-USD,223.05406,234.21502685546875,0.38433837890625,0.0
2019-08-16,185.5316619873047,186.70314025878906,182.59388732910156,185.68768310546875,185.68768310546875,5512696513.0,ETH-USD,184.63397,194.4935302734375,-1.0537109375,0.0
2019-08-18,194.5560302734375,203.56015014648438,193.10824584960938,203.09193420410156,203.09193420410156,6145148692.0,ETH-USD,201.56618,196.56541442871094,0.0,1.5257568359375
2019-09-06,169.9552764892578,180.8516082763672,169.44412231445312,178.2626190185547,178.2626190185547,6791531342.0,ETH-USD,177.23352,181.35552978515625,-1.0290985107421875,0.0
2019-09-09,181.2128448486328,184.0634307861328,178.12242126464844,179.78717041015625,179.78717041015625,6291476772.0,ETH-USD,180.07376,178.72549438476562,0.0,-0.286590576171875
2019-09-15,189.6893310546875,198.20497131347656,189.6893310546875,197.11317443847656,197.11317443847656,8242029488.0,ETH-USD,195.85092,208.60874938964844,-1.2622528076171875,0.0
2019-09-28,174.6127471923828,175.21022033691406,166.99769592285156,170.50347900390625,170.50347900390625,6497088199.0,ETH-USD,169.8598,179.87220764160156,-0.6436767578125,0.0
2019-10-01,177.22406005859375,180.8261260986328,175.3342742919922,180.71051025390625,180.71051025390625,6335595250.0,ETH-USD,179.4403,175.1993408203125,0.0,1.27020263671875
2019-10-12,180.86131286621094,185.07591247558594,180.31715393066406,182.0751495361328,182.0751495361328,6733182273.0,ETH-USD,181.72179,186.96090698242188,-0.353363037109375,0.0
2019-10-13,182.02847290039062,187.30361938476562,181.6622772216797,186.96090698242188,186.96090698242188,7276520699.0,ETH-USD,185.25351,181.40606689453125,0.0,1.7073974609375
2019-10-16,175.90689086914062,178.89955139160156,174.56582641601562,178.02835083007812,178.02835083007812,6737237423.0,ETH-USD,176.71532,173.621337890625,0.0,1.3130340576171875
2019-10-24,162.18971252441406,183.0001220703125,161.9660186767578,181.52320861816406,181.52320861816406,10358594018.0,ETH-USD,177.59428,179.83547973632812,0.0,3.928924560546875
2019-10-25,181.6670684814453,195.9425048828125,176.13380432128906,179.83547973632812,179.83547973632812,13831784986.0,ETH-USD,181.98398,184.24221801757812,2.14849853515625,0.0
2019-10-28,184.3975067138672,187.88316345214844,180.2495574951172,182.66281127929688,182.66281127929688,10406734124.0,ETH-USD,183.15987,190.3425750732422,0.4970550537109375,0.0
2019-11-04,182.31903076171875,188.02293395996094,181.8216094970703,186.35519409179688,186.35519409179688,10551917945.0,ETH-USD,184.85869,189.30416870117188,-1.4965057373046875,0.0
2019-11-09,184.3117218017578,185.83853149414062,183.90223693847656,185.02871704101562,185.02871704101562,7277418704.0,ETH-USD,183.93288,189.47727966308594,-1.0958404541015625,0.0
2019-11-19,180.50245666503906,182.5279998779297,175.19711303710938,177.45555114746094,177.45555114746094,7536699743.0,ETH-USD,177.75977,175.69834899902344,0.0,-0.3042144775390625
2019-11-20,177.415283203125,178.99314880371094,175.29043579101562,175.69834899902344,175.69834899902344,7205785149.0,ETH-USD,175.55318,161.4627227783203,0.0,0.145172119140625
2019-11-23,150.21221923828125,154.1015625,147.6012420654297,153.41778564453125,153.41778564453125,8289198330.0,ETH-USD,151.39212,142.83470153808594,0.0,2.025665283203125
2019-12-02,151.17547607421875,152.11695861816406,147.60679626464844,149.0591583251953,149.0591583251953,6670561362.0,ETH-USD,148.91681,147.9564208984375,0.0,0.1423492431640625
2019-12-11,146.32064819335938,147.1392059326172,143.0453643798828,143.60800170898438,143.60800170898438,7037180049.0,ETH-USD,143.98062,145.60400390625,0.37261962890625,0.0
2019-12-13,145.6556854248047,145.8571014404297,143.74652099609375,144.9447479248047,144.9447479248047,7264810247.0,ETH-USD,144.21588,142.86923217773438,0.0,0.7288665771484375
2019-12-25,129.06849670410156,129.06849670410156,124.88549041748047,126.45463562011719,126.45463562011719,8418019054.0,ETH-USD,126.34143,126.36122131347656,0.0,0.1132049560546875
2020-01-07,144.31199645996094,145.00177001953125,140.48887634277344,143.5439910888672,143.5439910888672,9257954672.0,ETH-USD,142.75375,141.2581329345703,0.0,0.7902374267578125
2020-01-10,138.967041015625,144.16732788085938,135.52040100097656,143.96377563476562,143.96377563476562,9084816203.0,ETH-USD,141.665,142.92710876464844,0.0,2.2987823486328125
2020-01-13,146.2201385498047,146.79122924804688,142.90713500976562,144.22659301757812,144.22659301757812,8378529470.0,ETH-USD,143.3733,165.95535278320312,-0.8532867431640625,0.0
2020-01-14,144.2510528564453,167.68154907226562,144.06492614746094,165.95535278320312,165.95535278320312,16712318373.0,ETH-USD,161.64574,166.23068237304688,-4.3096160888671875,0.0
2020-01-18,170.7477264404297,178.52877807617188,166.7890167236328,175.3656768798828,175.3656768798828,14929342256.0,ETH-USD,172.94592,166.9698486328125,0.0,2.4197540283203125
2020-01-19,175.46759033203125,177.2476348876953,163.67686462402344,166.9698486328125,166.9698486328125,13713374132.0,ETH-USD,167.28065,167.12051391601562,0.3108062744140625,0.0
2020-01-27,168.00885009765625,172.92291259765625,166.90109252929688,170.93089294433594,170.93089294433594,11004476145.0,ETH-USD,169.32574,176.3703155517578,-1.6051483154296875,0.0
2020-02-08,222.51097106933594,226.5880889892578,215.38629150390625,223.14651489257812,223.14651489257812,16741203125.0,ETH-USD,221.50583,228.5785675048828,-1.64068603515625,0.0
2020-02-13,265.0527038574219,273.7410583496094,258.9225158691406,268.0992431640625,268.0992431640625,25801317504.0,ETH-USD,266.97263,284.2174987792969,-1.126617431640625,0.0
2020-02-14,268.0232849121094,285.0564270019531,262.76251220703125,284.2174987792969,284.2174987792969,23558253463.0,ETH-USD,280.5257,264.72857666015625,0.0,3.691802978515625
2020-02-16,264.904052734375,272.8824462890625,242.48440551757812,259.89471435546875,259.89471435546875,25152366643.0,ETH-USD,259.49963,266.3634338378906,-0.39508056640625,0.0
2020-02-21,257.89111328125,267.0048522949219,255.6890869140625,265.6006164550781,265.6006164550781,20867593292.0,ETH-USD,261.34918,262.33172607421875,0.0,4.251434326171875
2020-02-25,265.28338623046875,265.4314880371094,246.85899353027344,247.81759643554688,247.81759643554688,21878882134.0,ETH-USD,249.51433,225.68026733398438,0.0,-1.6967315673828125
2020-02-27,225.68704223632812,237.2289276123047,212.66452026367188,226.75338745117188,226.75338745117188,25645522790.0,ETH-USD,223.81392,226.760498046875,-2.9394683837890625,0.0
2020-03-02,218.7116241455078,232.81158447265625,217.28428649902344,230.5697784423828,230.5697784423828,20305587789.0,ETH-USD,226.04324,224.47962951660156,0.0,4.5265350341796875
2020-03-18,113.8576431274414,116.02162170410156,111.74311065673828,114.84226989746094,114.84226989746094,11617854009.0,ETH-USD,113.18693,136.59385681152344,-1.6553421020507812,0.0
2020-03-20,136.64927673339844,150.8538055419922,122.60565948486328,132.73716735839844,132.73716735839844,18960388062.0,ETH-USD,134.74023,132.81871032714844,2.0030670166015625,0.0
2020-03-28,134.03274536132812,134.03274536132812,126.96218872070312,130.9864959716797,130.9864959716797,12162403960.0,ETH-USD,132.99602,125.58373260498047,0.0,-2.009521484375
2020-03-29,131.0153350830078,131.17408752441406,125.4500503540039,125.58373260498047,125.58373260498047,9938133669.0,ETH-USD,133.30798,133.59356689453125,7.724250793457031,0.0
2020-04-01,135.732177734375,146.78709411621094,135.732177734375,142.02914428710938,142.02914428710938,15322861686.0,ETH-USD,143.33434,142.09130859375,1.3051910400390625,0.0
2020-04-18,186.8619842529297,188.0989227294922,180.12081909179688,181.61495971679688,181.61495971679688,19146038381.0,ETH-USD,183.19548,172.2971649169922,0.0,-1.5805206298828125
2020-05-03,210.89085388183594,211.82838439941406,199.0477294921875,208.17401123046875,208.17401123046875,22602446422.0,ETH-USD,204.99542,206.77439880371094,0.0,3.1785888671875
2020-05-06,203.91285705566406,214.39247131347656,202.07484436035156,212.28941345214844,212.28941345214844,23594744655.0,ETH-USD,208.25107,212.9915771484375,-4.0383453369140625,0.0
2020-05-09,211.5522003173828,211.5522003173828,182.71116638183594,188.5995635986328,188.5995635986328,25211575193.0,ETH-USD,190.20924,185.912841796875,0.0,-1.60968017578125
2020-05-15,195.61338806152344,202.7711944580078,194.5015869140625,200.6771240234375,200.6771240234375,15379081645.0,ETH-USD,198.5464,207.15869140625,-2.1307220458984375,0.0
2020-05-18,214.6049346923828,214.6049346923828,210.14305114746094,213.45111083984375,213.45111083984375,14346192779.0,ETH-USD,212.15443,210.09674072265625,0.0,1.2966766357421875
2020-05-22,207.19448852539062,210.38645935058594,205.29421997070312,208.69439697265625,208.69439697265625,10665476768.0,ETH-USD,207.99629,202.37034606933594,0.0,0.6981048583984375
2020-05-26,201.89300537109375,208.86343383789062,201.78506469726562,208.86343383789062,208.86343383789062,10631034756.0,ETH-USD,207.75723,219.84042358398438,-1.106201171875,0.0
2020-06-02,237.3952178955078,244.1793212890625,235.46444702148438,244.1793212890625,244.1793212890625,9861760817.0,ETH-USD,244.63252,244.4263916015625,0.4532012939453125,0.0
2020-06-07,245.17857360839844,246.64419555664062,241.5421905517578,246.30990600585938,246.30990600585938,8076783299.0,ETH-USD,246.59981,244.9114532470703,0.0,-0.2899017333984375
2020-06-16,234.49237060546875,235.9540557861328,229.34164428710938,233.0282745361328,233.0282745361328,7701391592.0,ETH-USD,233.91536,232.10116577148435,0.0,-0.8870849609375
2020-07-05,227.6850128173828,242.13270568847656,227.02952575683594,241.51022338867188,241.51022338867188,8782917553.0,ETH-USD,239.65442,239.07553100585938,0.0,1.855804443359375
2020-07-09,242.86801147460938,242.8837890625,236.73052978515625,240.9849853515625,240.9849853515625,7281370522.0,ETH-USD,241.07983,239.4581756591797,0.0,-0.0948486328125
2020-07-10,241.04478454589844,241.52748107910156,238.33123779296875,239.4581756591797,239.4581756591797,5643067316.0,ETH-USD,239.39903,242.13169860839844,-0.05914306640625,0.0
2020-07-14,240.14364624023438,241.40269470214844,237.09617614746094,238.42352294921875,238.42352294921875,6189328448.0,ETH-USD,238.50755,233.64088439941406,0.0,-0.0840301513671875
2020-07-21,245.03726196289062,262.98504638671875,242.48434448242188,262.1906433105469,262.1906433105469,7702077383.0,ETH-USD,259.37616,274.68905639648443,-2.814483642578125,0.0
2020-07-24,279.0263671875,306.7409973144531,279.0263671875,304.0567626953125,304.0567626953125,10785021813.0,ETH-USD,302.59778,309.64361572265625,-1.458984375,0.0
2020-07-30,334.63372802734375,348.6113586425781,329.3409423828125,345.5546569824219,345.5546569824219,12030600492.0,ETH-USD,344.28522,385.19970703125,-1.269439697265625,0.0
2020-08-05,401.5838623046875,403.4886779785156,392.6001892089844,394.9619445800781,394.9619445800781,11304626458.0,ETH-USD,397.02597,379.5128479003906,0.0,-2.06402587890625
2020-08-10,395.89471435546875,398.4789123535156,370.8606262207031,380.3840637207031,380.3840637207031,12792218737.0,ETH-USD,383.2464,391.024169921875,2.862335205078125,0.0
2020-08-15,433.3505859375,436.2658386230469,415.08624267578125,433.78662109375,433.78662109375,12168816874.0,ETH-USD,433.3144,429.53125,0.0,0.47222900390625
2020-08-20,416.1487731933594,418.6379699707031,387.4411315917969,389.1263427734375,389.1263427734375,11781796374.0,ETH-USD,394.97525,395.83514404296875,5.848907470703125,0.0
2020-08-22,395.5628356933594,396.49041748046875,385.039794921875,391.3844909667969,391.3844909667969,8137303970.0,ETH-USD,389.81293,408.1441955566406,-1.571563720703125,0.0
2020-08-27,382.62957763671875,397.75762939453125,381.2738342285156,395.8746643066406,395.8746643066406,9120674421.0,ETH-USD,393.99866,399.9214782714844,-1.876007080078125,0.0
2020-08-28,395.6875915527344,405.6163635253906,393.03741455078125,399.9214782714844,399.9214782714844,8777703481.0,ETH-USD,399.87598,428.3957214355469,-0.045501708984375,0.0
2020-09-03,384.671630859375,402.4117431640625,371.6366882324219,388.24114990234375,388.24114990234375,16747106257.0,ETH-USD,393.29752,335.26007080078125,0.0,-5.056365966796875
2020-09-09,351.4293212890625,377.3935852050781,351.11175537109375,368.1018981933594,368.1018981933594,31421134556.0,ETH-USD,367.87985,374.6955871582031,-0.2220458984375,0.0
2020-09-12,387.519287109375,388.9598083496094,354.3401794433594,365.57000732421875,365.57000732421875,15005899191.0,ETH-USD,370.00223,377.26885986328125,4.432220458984375,0.0
2020-09-14,377.1540222167969,381.50830078125,363.6068115234375,364.8392028808594,364.8392028808594,16140584321.0,ETH-USD,369.39,365.8122863769531,4.550811767578125,0.0
2020-09-15,364.7439880371094,372.7674255371094,356.6827392578125,365.8122863769531,365.8122863769531,16107612177.0,ETH-USD,367.79892,389.01922607421875,1.98663330078125,0.0
2020-09-17,389.3374938964844,391.9041442871094,376.9649963378906,384.3645324707031,384.3645324707031,14108357740.0,ETH-USD,386.0063,385.54437255859375,1.641754150390625,0.0
2020-09-25,352.53125,355.96063232421875,348.129638671875,354.96527099609375,354.96527099609375,11036752997.0,ETH-USD,355.4203,357.3216857910156,0.45501708984375,0.0
2020-09-26,354.58721923828125,362.0513610839844,349.0943908691406,357.3216857910156,357.3216857910156,11464393949.0,ETH-USD,358.79913,354.95050048828125,0.0,-1.477447509765625
2020-09-27,357.3111572265625,366.8902587890625,354.82513427734375,354.95050048828125,354.95050048828125,12102509266.0,ETH-USD,359.21286,359.9634094238281,4.262359619140625,0.0
2020-10-03,347.2724304199219,354.2533264160156,345.3987121582031,353.1219177246094,353.1219177246094,9308536486.0,ETH-USD,353.7376,354.277099609375,0.615692138671875,0.0
2020-10-21,391.4886169433594,420.14166259765625,391.27630615234375,413.7729797363281,413.7729797363281,15772846485.0,ETH-USD,415.90576,409.7666931152344,0.0,-2.132781982421875
2020-10-22,414.05133056640625,418.9599304199219,403.08203125,409.7666931152344,409.7666931152344,14256222052.0,ETH-USD,415.057,412.4576110839844,5.290313720703125,0.0
2020-10-26,406.2179870605469,411.2798767089844,383.78289794921875,393.8883056640625,393.8883056640625,15155684229.0,ETH-USD,400.4083,403.9970397949219,6.519989013671875,0.0
2020-10-28,403.9971008300781,408.9647521972656,381.1463317871094,388.6507568359375,388.6507568359375,15276441134.0,ETH-USD,394.25745,386.7301025390625,0.0,-5.606689453125
2020-10-29,388.65106201171875,393.2276916503906,381.28875732421875,386.7301025390625,386.7301025390625,12920477749.0,ETH-USD,389.6096,382.8199768066406,0.0,-2.879486083984375
2020-11-05,402.1429443359375,417.52593994140625,397.2458190917969,414.0673522949219,414.0673522949219,15440711038.0,ETH-USD,414.48138,454.71929931640625,0.414031982421875,0.0
2020-11-06,414.06671142578125,456.20062255859375,412.9822998046875,454.71929931640625,454.71929931640625,16738305610.0,ETH-USD,452.79068,435.71313476562494,0.0,1.928619384765625
2020-11-11,449.6796569824219,473.578857421875,449.5249328613281,462.9605407714844,462.9605407714844,14075403511.0,ETH-USD,466.2085,461.0052795410156,0.0,-3.247955322265625
2020-11-12,462.95953369140625,467.6778259277344,452.0724182128906,461.0052795410156,461.0052795410156,12877327234.0,ETH-USD,464.5376,474.6264343261719,3.532318115234375,0.0
2020-11-20,471.6314697265625,513.6103515625,471.6314697265625,509.74456787109375,509.74456787109375,18629943296.0,ETH-USD,509.83438,549.4866333007812,0.089813232421875,0.0
2020-11-27,519.1080932617188,530.7771606445312,497.24261474609375,517.4937133789062,517.4937133789062,16831105703.0,ETH-USD,521.7043,538.2297973632812,4.2105712890625,0.0
2020-12-04,616.7227783203125,618.983154296875,569.2835083007812,569.3541870117188,569.3541870117188,16337589997.0,ETH-USD,585.1826,596.595458984375,15.82843017578125,0.0
2020-12-09,554.7929077148438,577.2883911132812,532.9984130859375,573.4791259765625,573.4791259765625,15855915840.0,ETH-USD,573.5556,559.6785278320312,0.0,-0.07647705078125
2020-12-15,586.0217895507812,596.2477416992188,580.6287841796875,589.3555908203125,589.3555908203125,9326645840.0,ETH-USD,592.9246,636.1818237304688,3.56903076171875,0.0
2020-12-16,589.378662109375,636.6403198242188,582.0391235351562,636.1818237304688,636.1818237304688,15817248373.0,ETH-USD,634.9099,642.8689575195312,-1.27191162109375,0.0
2021-01-03,774.5118408203125,1006.5650024414062,771.5616455078125,975.5076904296875,975.5076904296875,45200463368.0,ETH-USD,985.83295,1040.2330322265625,10.32525634765625,0.0
2021-01-13,1043.740966796875,1134.3385009765625,994.549072265625,1130.7393798828125,1130.7393798828125,30109792795.0,ETH-USD,1141.4408,1218.4530029296875,10.701416015625,0.0
2021-01-14,1130.231201171875,1244.1630859375,1093.060791015625,1218.4530029296875,1218.4530029296875,33410915929.0,ETH-USD,1230.5238,1171.8345947265625,0.0,-12.07080078125
2021-01-24,1231.2105712890625,1395.111328125,1225.2740478515625,1391.609375,1391.609375,36418163554.0,ETH-USD,1400.43,1324.414794921875,0.0,-8.8206787109375
2021-01-26,1323.74169921875,1376.0850830078125,1253.34033203125,1357.05810546875,1357.05810546875,41572917750.0,ETH-USD,1378.0223,1253.1871337890625,0.0,-20.9642333984375
2021-01-27,1358.3333740234375,1368.0740966796875,1215.311279296875,1253.1871337890625,1253.1871337890625,39394416990.0,ETH-USD,1288.8544,1298.101806640625,35.667236328125,0.0
2021-02-01,1314.855224609375,1373.8458251953125,1274.3577880859375,1369.04052734375,1369.04052734375,29210670920.0,ETH-USD,1378.504,1515.1937255859375,9.4635009765625,0.0
2021-02-05,1594.7933349609375,1756.510986328125,1594.7933349609375,1718.65087890625,1718.65087890625,40108628454.0,ETH-USD,1732.8115,1677.8468017578125,0.0,-14.16064453125
2021-02-08,1613.6422119140625,1770.5908203125,1571.5799560546875,1746.6168212890625,1746.6168212890625,48012285956.0,ETH-USD,1743.6226,1768.0350341796875,-2.9942626953125,0.0
2021-02-10,1768.039794921875,1826.69677734375,1686.5423583984375,1744.243408203125,1744.243408203125,41916084617.0,ETH-USD,1754.8899,1783.7979736328125,10.646484375,0.0
2021-02-13,1843.98681640625,1871.603515625,1770.612060546875,1814.10986328125,1814.10986328125,35359490535.0,ETH-USD,1805.1882,1805.0841064453125,0.0,8.921630859375
2021-02-16,1778.945556640625,1824.5186767578125,1729.6419677734375,1781.0675048828125,1781.0675048828125,34269369268.0,ETH-USD,1773.1093,1848.458251953125,-7.958251953125,0.0
2021-02-17,1781.35009765625,1853.6676025390625,1736.705810546875,1848.458251953125,1848.458251953125,35955412703.0,ETH-USD,1825.4454,1937.44921875,-23.0128173828125,0.0
2021-02-25,1625.3939208984375,1670.22412109375,1465.0589599609375,1475.7037353515625,1475.7037353515625,24481681873.0,ETH-USD,1523.2036,1446.03369140625,0.0,-47.4998779296875
2021-03-16,1792.413818359375,1817.0601806640625,1720.05322265625,1806.9718017578125,1806.9718017578125,23828509590.0,ETH-USD,1786.3799,1823.4493408203125,-20.5919189453125,0.0
2021-03-20,1817.522705078125,1874.708984375,1811.7286376953125,1812.6346435546875,1812.6346435546875,22677674970.0,ETH-USD,1812.8892,1788.217041015625,0.0,-0.2545166015625
2021-03-22,1788.3621826171875,1811.96826171875,1674.2998046875,1691.333984375,1691.333984375,23599296129.0,ETH-USD,1704.6523,1678.650146484375,0.0,-13.318359375
2021-03-26,1595.2100830078125,1702.9228515625,1594.7366943359375,1702.842041015625,1702.842041015625,22548516548.0,ETH-USD,1697.9756,1716.49462890625,-4.866455078125,0.0
