,open,high,low,close,adjclose,volume,ticker,adjclose_15,true_adjclose_15,buy_profit,sell_profit
2015-10-02,0.6787829995155334,0.7092040181159973,0.6754819750785828,0.6871709823608398,0.6871709823608398,163326.0,ETH-USD,6.110984,0.5177339911460876,0.0,-5.4238128662109375
2015-10-03,0.6863430142402649,0.6931260228157043,0.6607159972190857,0.668379008769989,0.668379008769989,103497.0,ETH-USD,6.1036286,0.48901399970054626,0.0,-5.435249626636505
2015-10-06,0.6505150198936462,0.6563010215759277,0.6024230122566223,0.609387993812561,0.609387993812561,218327.0,ETH-USD,6.0763354,0.5677019953727722,0.0,-5.466947436332703
2015-10-11,0.6345149874687195,0.6577889919281006,0.6260300278663635,0.6260300278663635,0.6260300278663635,109567.0,ETH-USD,6.0534053,0.8696410059928894,5.427375257015228,0.0
2015-10-18,0.5176209807395935,0.5215460062026978,0.48099398612976074,0.48901399970054626,0.48901399970054626,243742.0,ETH-USD,5.968264,1.0133600234985352,5.479250103235245,0.0
2015-10-26,0.6197429895401001,0.7575169801712036,0.5970979928970337,0.7313169836997986,0.7313169836997986,1089120.0,ETH-USD,5.9652042,0.9343479871749879,5.233887255191803,0.0
2015-10-28,0.8709380030632019,1.0557899475097656,0.8078569769859314,1.0024800300598145,1.0024800300598145,2373050.0,ETH-USD,6.077521,0.8957110047340393,0.0,-5.075040817260742
2015-11-08,0.9156609773635864,1.0326800346374512,0.9156609773635864,1.0274699926376343,1.0274699926376343,1021460.0,ETH-USD,6.4138412,0.9469689726829529,0.0,-5.3863712549209595
2015-11-10,1.0012600421905518,1.0530400276184082,0.9209679961204529,0.9343479871749878,0.9343479871749878,854581.0,ETH-USD,6.4164157,0.8635370135307312,0.0,-5.482067704200745
2015-11-11,0.9412959814071655,0.945277988910675,0.7297750115394592,0.791828989982605,0.791828989982605,1278580.0,ETH-USD,6.4032826,0.8841829895973206,5.611453652381897,0.0
2015-11-27,0.882099986076355,0.9000509977340698,0.8606950044631958,0.867950975894928,0.867950975894928,403813.0,ETH-USD,6.3521905,0.976972997188568,5.4842395186424255,0.0
2015-11-28,0.8681020140647888,0.9292929768562317,0.8621219992637634,0.9157029986381531,0.9157029986381531,462464.0,ETH-USD,6.3417873,0.9528840184211731,5.426084339618683,0.0
2015-12-01,0.8783159852027893,0.8867359757423401,0.8539369702339172,0.8748000264167786,0.8748000264167786,652857.0,ETH-USD,6.320624,0.9911820292472839,5.445823848247528,0.0
2015-12-02,0.8731709718704224,0.878017008304596,0.8189240097999573,0.8212100267410278,0.8212100267410278,506307.0,ETH-USD,6.312397,0.9407010078430177,5.4911869764328,0.0
2015-12-09,0.8244540095329285,0.8244540095329285,0.7704880237579346,0.7921670079231262,0.7921670079231262,624221.0,ETH-USD,6.2583914,0.8632619976997375,5.466224372386932,0.0
2015-12-17,0.9930430054664612,0.9976109862327576,0.9118070006370544,0.9407010078430176,0.9407010078430176,640765.0,ETH-USD,6.3971148,0.9480239748954773,5.456413745880127,0.0
2015-12-29,0.8438349962234497,0.873054027557373,0.8332319855690002,0.873054027557373,0.873054027557373,215742.0,ETH-USD,6.292908,1.1252000331878662,5.419854164123535,0.0
2016-01-02,0.9474009871482849,0.9696369767189026,0.9365599751472473,0.9371240139007568,0.9371240139007568,255504.0,ETH-USD,6.330761,1.3274699449539185,5.39363694190979,0.0
2016-01-05,0.9531469941139221,0.9705970287322998,0.9465429782867432,0.9501760005950928,0.9501760005950928,219833.0,ETH-USD,6.371697,1.5318200588226318,5.421520948410034,0.0
2016-01-21,1.5326999425888062,1.5854899883270264,1.4866900444030762,1.553570032119751,1.553570032119751,1614960.0,ETH-USD,6.830205,2.538990020751953,5.276634931564331,0.0
2016-01-22,1.547029972076416,1.5814599990844727,1.465880036354065,1.501270055770874,1.501270055770874,1567240.0,ETH-USD,6.8808055,2.5344600677490234,5.379535436630249,0.0
2016-01-26,2.5327401161193848,2.8369901180267334,1.9947700500488281,2.276370048522949,2.276370048522949,13939200.0,ETH-USD,7.398949,4.436260223388672,5.122579097747803,0.0
2016-02-11,4.496819972991943,6.292230129241943,4.3383002281188965,6.0131001472473145,6.0131001472473145,26408200.0,ETH-USD,9.057504,5.921669960021973,0.0,-3.044403553009033
2016-02-16,5.328320026397705,5.474860191345215,4.033840179443359,4.3152899742126465,4.3152899742126465,15889100.0,ETH-USD,10.803655,8.4653902053833,6.4883646965026855,0.0
2016-02-20,4.682199954986572,4.754059791564941,4.12706995010376,4.341330051422119,4.341330051422119,8631090.0,ETH-USD,10.426691,11.38290023803711,6.085361003875732,0.0
2016-02-24,5.604050159454346,6.2364702224731445,5.509250164031982,6.2364702224731445,6.2364702224731445,11426500.0,ETH-USD,10.663827,11.305000305175781,4.427356719970703,0.0
2016-03-07,11.428799629211426,11.651900291442871,9.309490203857422,9.552630424499512,9.552630424499512,34085100.0,ETH-USD,15.557604,11.274800300598145,6.004973411560059,0.0
2016-03-09,9.792420387268066,12.054699897766113,9.670989990234375,11.89799976348877,11.89799976348877,27540500.0,ETH-USD,16.225288,11.234999656677246,0.0,-4.327288627624512
2016-03-21,10.30370044708252,12.014900207519531,10.161600112915039,11.864100456237793,11.864100456237793,28572600.0,ETH-USD,17.624884,10.43809986114502,0.0,-5.7607831954956055
2016-03-25,11.260299682617188,11.372900009155273,10.527199745178223,10.743200302124023,10.743200302124023,13782000.0,ETH-USD,17.35465,9.150620460510254,0.0,-6.6114501953125
2016-03-26,10.767900466918945,11.180800437927246,10.589200019836426,10.973999977111816,10.973999977111816,9425480.0,ETH-USD,17.266666,8.93634033203125,0.0,-6.292666435241699
2016-03-29,11.605299949645996,12.178500175476074,11.469200134277344,11.952899932861328,11.952899932861328,19351200.0,ETH-USD,17.186583,8.387240409851074,0.0,-5.233682632446289
2016-04-02,11.628299713134766,11.706399917602539,11.508700370788574,11.618300437927246,11.618300437927246,5580550.0,ETH-USD,17.48691,9.03600025177002,0.0,-5.868609428405762
2016-04-05,10.449799537658691,10.970000267028809,10.277299880981445,10.685400009155273,10.685400009155273,16997100.0,ETH-USD,17.276262,8.10216999053955,0.0,-6.590862274169922
2016-04-09,9.149849891662598,9.224720001220703,7.455639839172363,8.93634033203125,8.93634033203125,42613400.0,ETH-USD,16.192291,7.55433988571167,0.0,-7.255950927734375
2016-04-15,8.235879898071289,8.649760246276855,8.114439964294434,8.60949993133545,8.60949993133545,9888460.0,ETH-USD,14.204637,8.846500396728516,5.595136642456055,0.0
2016-04-26,7.388390064239502,7.967740058898926,7.319690227508545,7.759970188140869,7.759970188140869,19254500.0,ETH-USD,13.7608,10.05780029296875,6.000830173492432,0.0
2016-05-01,8.894240379333496,10.321499824523926,8.850720405578613,10.163200378417969,10.163200378417969,41019200.0,ETH-USD,13.930637,12.198800086975098,3.767436981201172,0.0
2016-05-05,9.809610366821289,9.952190399169922,9.037010192871094,9.346639633178711,9.346639633178711,21510600.0,ETH-USD,15.121019,14.015000343322754,5.774379730224609,0.0
2016-05-17,12.179300308227539,14.258999824523926,12.179300308227539,13.558600425720215,13.558600425720215,65389900.0,ETH-USD,16.8658,13.73799991607666,3.3072004318237305,0.0
2016-05-25,12.51609992980957,12.986599922180176,12.059200286865234,12.430399894714355,12.430399894714355,20764000.0,ETH-USD,19.606476,13.908599853515625,7.1760759353637695,0.0
2016-05-27,11.333200454711914,12.363300323486328,10.37339973449707,11.892900466918945,11.892900466918945,47274800.0,ETH-USD,18.996363,15.743700027465822,7.103462219238281,0.0
2016-06-04,13.762499809265137,14.072199821472168,13.56779956817627,13.975000381469727,13.975000381469727,11088400.0,ETH-USD,19.559347,11.839500427246094,0.0,-5.584346771240234
2016-06-08,14.4306001663208,14.56719970703125,14.340200424194336,14.398599624633789,14.398599624633789,8256830.0,ETH-USD,20.170593,14.332099914550781,0.0,-5.771993637084961
2016-06-17,15.378600120544434,15.378600120544434,9.963640213012695,11.330699920654297,11.330699920654297,133937000.0,ETH-USD,23.690378,11.720199584960938,12.359678268432617,0.0
2016-06-18,11.1673002243042,13.182100296020508,10.635600090026855,12.234199523925781,12.234199523925781,69783600.0,ETH-USD,23.04778,11.470999717712402,0.0,-10.813579559326172
2016-06-21,13.199700355529785,15.785599708557129,13.095100402832031,13.095100402832031,13.095100402832031,96994096.0,ETH-USD,20.63189,10.109399795532227,0.0,-7.5367889404296875
2016-06-27,13.927599906921387,13.981499671936035,11.718000411987305,12.175600051879883,12.175600051879883,43436600.0,ETH-USD,19.637058,10.500499725341797,0.0,-7.461458206176758
2016-07-04,11.45740032196045,11.517800331115723,9.57625961303711,10.61139965057373,10.61139965057373,45526900.0,ETH-USD,17.992107,12.450599670410156,7.380707740783691,0.0
2016-07-09,10.960399627685547,11.013699531555176,10.78219985961914,10.947600364685059,10.947600364685059,5479240.0,ETH-USD,16.810589,13.836099624633789,5.862988471984863,0.0
2016-07-11,10.446999549865723,10.76200008392334,10.425800323486328,10.51609992980957,10.51609992980957,11127700.0,ETH-USD,16.650131,12.972800254821777,6.134031295776367,0.0
2016-07-24,12.743399620056152,13.857000350952148,12.683799743652344,13.836099624633789,13.836099624633789,36673800.0,ETH-USD,19.28512,12.24429988861084,0.0,-5.4490203857421875
2016-07-26,12.05049991607666,13.31190013885498,11.835700035095215,12.972800254821777,12.972800254821777,58278800.0,ETH-USD,19.469557,11.690899848937988,0.0,-6.496756553649902
2016-07-28,12.836400032043457,12.870599746704102,12.554200172424316,12.794599533081055,12.794599533081055,14082300.0,ETH-USD,19.315702,11.57129955291748,0.0,-6.5211029052734375
2016-08-02,8.876799583435059,10.418000221252441,8.876799583435059,10.293899536132812,10.293899536132812,53979400.0,ETH-USD,17.723911,10.756099700927734,7.430011749267578,0.0
2016-08-08,11.2746000289917,12.45460033416748,11.199999809265137,12.24429988861084,12.24429988861084,36656600.0,ETH-USD,16.78689,11.03600025177002,0.0,-4.542590141296387
2016-08-09,12.2298002243042,12.457799911499023,11.982500076293945,12.143199920654297,12.143199920654297,28096300.0,ETH-USD,17.00666,11.357399940490723,0.0,-4.863460540771484
2016-08-10,12.138199806213379,12.27239990234375,11.63379955291748,11.690899848937988,11.690899848937988,17505000.0,ETH-USD,17.226809,11.29539966583252,0.0,-5.5359086990356445
2016-08-18,10.746299743652344,10.80109977722168,10.727899551391602,10.748700141906738,10.748700141906738,5390850.0,ETH-USD,17.106785,11.758700370788574,6.358084678649902,0.0
2016-08-27,11.147000312805176,11.147000312805176,10.920000076293945,10.929300308227539,10.929300308227539,5303040.0,ETH-USD,17.08119,11.893699645996094,6.151889801025391,0.0
2016-08-30,11.23859977722168,11.68019962310791,11.183899879455566,11.67240047454834,11.67240047454834,11073700.0,ETH-USD,17.09796,11.937000274658203,5.425559043884277,0.0
2016-09-02,12.112899780273438,12.36359977722168,11.347200393676758,11.758700370788574,11.758700370788574,13358800.0,ETH-USD,17.539413,12.43120002746582,5.780713081359863,0.0
2016-09-03,11.75409984588623,11.793600082397461,11.473899841308594,11.679900169372559,11.679900169372559,7220550.0,ETH-USD,17.636135,13.189000129699707,5.956234931945801,0.0
2016-09-04,11.680500030517578,11.806599617004395,11.593999862670898,11.717000007629395,11.717000007629395,5724100.0,ETH-USD,17.694323,14.430299758911133,5.977322578430176,0.0
2016-09-07,11.54580020904541,11.701399803161621,11.252400398254395,11.34589958190918,11.34589958190918,11535000.0,ETH-USD,17.690475,13.331299781799316,6.344575881958008,0.0
2016-09-12,11.888699531555176,12.085599899291992,11.880800247192383,11.918700218200684,11.918700218200684,11704300.0,ETH-USD,17.7577,13.274800300598145,5.8389997482299805,0.0
2016-09-22,13.208000183105469,13.446900367736816,13.10159969329834,13.331299781799316,13.331299781799316,9166430.0,ETH-USD,19.32416,12.219099998474121,0.0,-5.992859840393066
2016-09-27,13.107399940490723,13.483799934387207,13.081299781799316,13.274800300598145,13.274800300598145,10239000.0,ETH-USD,19.252884,11.963000297546387,0.0,-5.978083610534668
2016-09-28,13.276800155639648,13.336099624633789,13.073399543762207,13.073399543762207,13.073399543762207,5990630.0,ETH-USD,19.235016,11.938199996948242,0.0,-6.161616325378418
2016-10-01,13.18019962310791,13.295900344848633,13.143099784851074,13.199700355529785,13.199700355529785,4079660.0,ETH-USD,19.213442,12.005000114440918,0.0,-6.013741493225098
2016-10-05,13.026300430297852,13.143600463867188,12.686800003051758,12.854299545288086,12.854299545288086,12044800.0,ETH-USD,19.251257,12.175399780273438,0.0,-6.3969573974609375
2016-10-10,11.762399673461914,12.160900115966797,11.751299858093262,11.785699844360352,11.785699844360352,11727700.0,ETH-USD,18.479788,11.531999588012695,0.0,-6.694087982177734
2016-10-15,11.98169994354248,12.009699821472168,11.933199882507324,11.951600074768066,11.951600074768066,3617280.0,ETH-USD,17.912508,10.998200416564941,0.0,-5.960907936096191
2016-10-16,11.955599784851074,12.033900260925293,11.861300468444824,12.005000114440918,12.005000114440918,5724440.0,ETH-USD,17.88512,10.76609992980957,0.0,-5.880120277404785
2016-10-17,11.99590015411377,12.927800178527832,11.99590015411377,12.588500022888184,12.588500022888184,18864200.0,ETH-USD,17.931494,10.752599716186523,0.0,-5.34299373626709
2016-10-18,12.592599868774414,12.619099617004395,11.908499717712402,12.022600173950195,12.022600173950195,10576200.0,ETH-USD,17.99564,10.800999641418457,0.0,-5.973039627075195
2016-10-23,12.037199974060059,12.100700378417969,11.909099578857422,11.968999862670898,11.968999862670898,5739690.0,ETH-USD,18.088123,10.833700180053711,0.0,-6.119123458862305
2016-10-24,11.967599868774414,11.993399620056152,11.147500038146973,11.413999557495117,11.413999557495117,19316000.0,ETH-USD,18.034681,10.655500411987305,0.0,-6.6206817626953125
2016-10-25,11.384099960327148,11.662500381469727,11.384099960327148,11.531999588012695,11.531999588012695,10221800.0,ETH-USD,17.942404,10.524499893188477,0.0,-6.410404205322266
2016-10-27,11.474900245666504,11.578399658203125,10.953900337219238,11.085100173950195,11.085100173950195,13971500.0,ETH-USD,17.714045,9.877960205078125,0.0,-6.628944396972656
2016-10-28,11.100299835205078,11.19849967956543,9.56326961517334,10.444600105285645,10.444600105285645,27070400.0,ETH-USD,17.52211,10.101499557495117,0.0,-7.077509880065918
2016-10-31,11.229599952697754,11.498499870300293,10.935199737548828,10.998200416564941,10.998200416564941,13393900.0,ETH-USD,17.21281,10.217499732971191,0.0,-6.2146100997924805
2016-11-13,9.887649536132812,10.412699699401855,9.84175968170166,10.101499557495117,10.101499557495117,8227770.0,ETH-USD,16.400862,8.724820137023926,0.0,-6.2993621826171875
2016-11-14,10.098199844360352,10.157099723815918,9.956040382385254,9.966480255126953,9.966480255126953,3573250.0,ETH-USD,16.272806,8.17411994934082,0.0,-6.306325912475586
2016-11-22,9.625760078430176,10.238800048828125,9.591099739074707,9.905719757080078,9.905719757080078,11284400.0,ETH-USD,15.621747,8.38148021697998,0.0,-5.71602725982666
2016-11-28,8.99843978881836,9.011679649353027,8.723609924316406,8.724820137023926,8.724820137023926,6046890.0,ETH-USD,15.242356,8.422849655151367,0.0,-6.517536163330078
2016-12-03,7.766329765319824,8.151169776916504,7.668240070343018,7.921339988708496,7.921339988708496,12112100.0,ETH-USD,14.317883,7.865320205688476,0.0,-6.396542549133301
2016-12-07,7.894830226898193,8.540840148925781,7.328440189361572,8.38148021697998,8.38148021697998,22229600.0,ETH-USD,13.552007,7.585000038146973,0.0,-5.170526504516602
2016-12-15,8.235329627990723,8.235329627990723,7.722410202026367,7.828470230102539,7.828470230102539,13184400.0,ETH-USD,14.056744,8.159979820251465,6.228273391723633,0.0
2016-12-20,7.6336798667907715,7.7459001541137695,7.571599960327148,7.660039901733398,7.660039901733398,6313550.0,ETH-USD,13.7087965,11.25160026550293,6.0487565994262695,0.0
2016-12-24,7.1524200439453125,7.405429840087891,7.1524200439453125,7.265769958496094,7.265769958496094,7626020.0,ETH-USD,13.437295,10.289799690246582,6.171525001525879,0.0
2016-12-29,7.539130210876465,8.527409553527832,7.539130210876465,8.284159660339355,8.284159660339355,27543800.0,ETH-USD,13.155757,9.769499778747559,4.8715972900390625,0.0
2017-01-05,11.286800384521484,11.890899658203125,9.402680397033691,10.254400253295898,10.254400253295898,41557400.0,ETH-USD,14.866682,10.600600242614746,4.612281799316406,0.0
2017-01-12,9.721389770507812,10.083999633789062,9.175580024719238,9.861330032348633,9.861330032348633,30453800.0,ETH-USD,16.247797,10.537300109863281,6.386466979980469,0.0
2017-01-14,9.786450386047363,9.890839576721191,9.44398021697998,9.646659851074219,9.646659851074219,20085800.0,ETH-USD,16.082024,10.484000205993652,6.43536376953125,0.0
2017-01-18,10.29640007019043,10.516799926757812,9.935290336608887,10.227800369262695,10.227800369262695,10788200.0,ETH-USD,15.8709545,10.821399688720703,5.643154144287109,0.0
2017-01-22,10.910099983215332,10.971799850463867,10.576299667358398,10.703200340270996,10.703200340270996,8678620.0,ETH-USD,16.256817,11.389399528503418,5.553616523742676,0.0
2017-01-27,10.584099769592285,10.607000350952148,10.442299842834473,10.537300109863281,10.537300109863281,7189170.0,ETH-USD,16.55895,11.349499702453613,6.021650314331055,0.0
2017-01-28,10.538299560546875,10.583200454711914,10.429300308227539,10.5649995803833,10.5649995803833,6580700.0,ETH-USD,16.549286,11.399200439453125,5.984286308288574,0.0
2017-02-03,10.8125,11.114500045776367,10.755000114440918,11.114500045776367,11.114500045776367,12897800.0,ETH-USD,16.614527,12.810199737548828,5.500026702880859,0.0
2017-02-08,11.540200233459473,11.630399703979492,11.243399620056152,11.43120002746582,11.43120002746582,9688630.0,ETH-USD,17.204565,13.119400024414062,5.773365020751953,0.0
2017-02-11,11.290800094604492,11.43179988861084,11.242400169372559,11.349499702453613,11.349499702453613,7544520.0,ETH-USD,17.290218,14.520000457763672,5.940718650817871,0.0
2017-02-15,13.03969955444336,13.03969955444336,12.637100219726562,12.919699668884277,12.919699668884277,18464700.0,ETH-USD,17.677427,19.03019905090332,4.75772762298584,0.0
2017-02-16,12.920999526977539,12.920999526977539,12.544699668884277,12.90369987487793,12.90369987487793,38002600.0,ETH-USD,17.96121,19.458999633789062,5.0575103759765625,0.0
2017-02-18,12.708399772644043,12.825799942016602,12.678799629211426,12.810199737548828,12.810199737548828,9370010.0,ETH-USD,18.419746,19.30229949951172,5.609546661376953,0.0
2017-03-01,15.847200393676758,17.3710994720459,15.558899879455566,17.349700927734375,17.349700927734375,44927500.0,ETH-USD,20.560112,46.34579849243164,3.2104110717773438,0.0
2017-03-02,17.355300903320312,19.35300064086914,16.95400047302246,19.03019905090332,19.03019905090332,83627104.0,ETH-USD,21.374657,46.827999114990234,2.3444576263427734,0.0
2017-03-05,18.50279998779297,19.423200607299805,18.2322998046875,19.30229949951172,19.30229949951172,26816300.0,ETH-USD,24.00816,43.390201568603516,4.705860137939453,0.0
2017-03-08,18.88249969482422,18.88249969482422,16.65130043029785,16.65130043029785,16.65130043029785,44304600.0,ETH-USD,25.277317,43.67839813232422,8.626016616821289,0.0
2017-03-09,16.640100479125977,17.872600555419922,16.366500854492188,17.75469970703125,17.75469970703125,31418400.0,ETH-USD,25.184763,53.10749816894531,7.430063247680664,0.0
2017-03-12,21.46489906311035,23.437700271606445,21.379499435424805,23.437700271606445,23.437700271606445,74628896.0,ETH-USD,25.902094,49.666900634765625,2.4643936157226562,0.0
2017-03-13,23.504899978637695,30.60379981994629,23.504899978637695,28.592899322509766,28.592899322509766,255488000.0,ETH-USD,27.173306,50.774898529052734,-1.4195938110351562,0.0
2017-03-14,28.5718994140625,29.932899475097656,27.31529998779297,28.654600143432617,28.654600143432617,101797000.0,ETH-USD,28.834764,53.1260986328125,0.18016433715820312,0.0
2017-03-16,35.3572998046875,47.1697998046875,35.3572998046875,46.34579849243164,46.34579849243164,454417984.0,ETH-USD,34.364853,50.03730010986328,-11.980945587158203,0.0
2017-03-20,44.83359909057617,46.22890090942383,42.444698333740234,43.390201568603516,43.390201568603516,154700992.0,ETH-USD,47.33631,44.64189910888672,3.9461097717285156,0.0
2017-03-26,50.769901275634766,51.80289840698242,49.28390121459961,50.52159881591797,50.52159881591797,106859000.0,ETH-USD,56.311054,43.40719985961914,0.0,-5.789455413818359
2017-03-27,49.71039962768555,50.956298828125,49.14509963989258,50.774898529052734,50.774898529052734,97745296.0,ETH-USD,57.208218,46.28730010986328,0.0,-6.433319091796875
2017-04-07,41.79840087890625,45.205299377441406,41.73080062866211,44.307098388671875,44.307098388671875,74138800.0,ETH-USD,53.111816,48.48929977416992,8.804718017578125,0.0
2017-04-09,43.2775993347168,44.13589859008789,42.415401458740234,43.43519973754883,43.43519973754883,44061500.0,ETH-USD,51.632145,49.89120101928711,8.196945190429688,0.0
2017-04-12,46.31060028076172,50.91379928588867,46.31060028076172,50.219398498535156,50.219398498535156,157200000.0,ETH-USD,51.64854,70.1592025756836,1.4291419982910156,0.0
2017-05-02,77.25399780273438,80.09529876708984,75.76339721679688,79.71820068359375,79.71820068359375,141922000.0,ETH-USD,80.471695,96.90630340576172,0.7534942626953125,0.0
2017-05-04,96.73470306396484,103.23300170898438,92.22039794921875,94.39849853515625,94.39849853515625,331928000.0,ETH-USD,89.37213,126.52100372314453,-5.0263671875,0.0
2017-05-14,90.78410339355469,95.43049621582031,86.8292007446289,92.41490173339844,92.41490173339844,170999008.0,ETH-USD,101.55823,231.91099548339844,9.143325805664062,0.0
2017-05-15,92.38770294189453,93.55509948730469,89.11759948730469,89.43800354003906,89.43800354003906,152284992.0,ETH-USD,101.309006,230.66900634765625,11.871002197265625,0.0
2017-05-24,189.8489990234375,210.98399353027344,170.5070037841797,174.4459991455078,174.4459991455078,943636992.0,ETH-USD,172.89442,281.73699951171875,-1.55157470703125,0.0
2017-06-13,397.5889892578125,399.3240051269531,342.2149963378906,359.0530090332031,359.0530090332031,1272579968.0,ETH-USD,355.07025,302.88299560546875,0.0,3.982757568359375
2017-06-15,361.1820068359375,373.05499267578125,341.4169921875,370.22698974609375,370.22698974609375,1096280064.0,ETH-USD,375.4004,274.60101318359375,0.0,-5.17340087890625
2017-06-24,323.46600341796875,332.7919921875,284.64599609375,303.24798583984375,303.24798583984375,1186880000.0,ETH-USD,360.31122,215.35699462890625,0.0,-57.063232421875
2017-06-25,302.9549865722656,311.4580078125,238.6490020751953,272.6919860839844,272.6919860839844,2081810048.0,ETH-USD,349.34924,197.4040069580078,0.0,-76.65725708007812
2017-06-28,328.3659973144531,330.7080078125,297.37298583984375,302.88299560546875,302.88299560546875,1508579968.0,ETH-USD,325.0967,199.66200256347656,0.0,-22.213714599609375
2017-07-07,245.88999938964844,273.47698974609375,236.55099487304688,251.69700622558594,251.69700622558594,754958016.0,ETH-USD,283.77286,225.9510040283203,0.0,-32.07585144042969
2017-07-16,159.99099731445312,194.7530059814453,158.04400634765625,193.4239959716797,193.4239959716797,1669500032.0,ETH-USD,209.20897,226.7689971923828,15.78497314453125,0.0
2017-07-30,197.40499877929688,203.87100219726562,193.41099548339844,203.87100219726562,203.87100219726562,569414016.0,ETH-USD,217.4518,289.8179931640625,13.580795288085938,0.0
2017-07-31,204.68800354003906,227.74400329589844,204.68800354003906,226.7689971923828,226.7689971923828,1585330048.0,ETH-USD,218.07347,302.2669982910156,-8.695526123046875,0.0
2017-08-14,299.9519958496094,300.40899658203125,279.3269958496094,289.8179931640625,289.8179931640625,1051800000.0,ETH-USD,316.92368,378.4849853515625,27.105682373046875,0.0
2017-08-15,289.8190002441406,303.4129943847656,285.385009765625,302.2669982910156,302.2669982910156,967643008.0,ETH-USD,317.221,383.0419921875,14.954010009765625,0.0
2017-08-17,301.6969909667969,307.9599914550781,292.4989929199219,295.5899963378906,295.5899963378906,936160000.0,ETH-USD,317.4813,348.9840087890625,21.89129638671875,0.0
2017-08-29,369.4729919433594,388.74798583984375,361.97100830078125,378.4849853515625,378.4849853515625,1333319936.0,ETH-USD,357.8896,213.9080047607422,0.0,20.59539794921875
2017-09-02,350.22900390625,366.48699951171875,332.23199462890625,347.4840087890625,347.4840087890625,986265984.0,ETH-USD,381.84326,293.49700927734375,0.0,-34.3592529296875
2017-09-16,245.8489990234375,256.9960021972656,235.24000549316406,251.74899291992188,251.74899291992188,427452000.0,ETH-USD,274.86475,297.4750061035156,23.115753173828125,0.0
2017-09-17,252.2270050048828,293.49700927734375,252.2270050048828,293.49700927734375,293.49700927734375,1127750016.0,ETH-USD,272.18564,292.4630126953125,0.0,21.311370849609375
2017-09-25,292.34600830078125,293.75,287.0199890136719,287.43798828125,287.43798828125,345800992.0,ETH-USD,290.86426,303.45599365234375,3.42626953125,0.0
2017-10-01,302.48199462890625,302.9200134277344,294.5820007324219,297.4750061035156,297.4750061035156,339443008.0,ETH-USD,309.70108,317.0820007324219,12.22607421875,0.0
2017-10-05,295.1549987792969,308.8399963378906,294.947998046875,308.5880126953125,308.5880126953125,318664000.0,ETH-USD,310.32315,300.18701171875,0.0,-1.735137939453125
2017-10-06,308.8919982910156,313.1300048828125,304.9750061035156,311.1239929199219,311.1239929199219,342204992.0,ETH-USD,311.88184,295.4460144042969,0.0,-0.757843017578125
2017-10-07,311.0589904785156,312.5419921875,308.02801513671875,308.6080017089844,308.6080017089844,293167008.0,ETH-USD,313.9463,286.95001220703125,0.0,-5.338287353515625
2017-10-09,297.60101318359375,306.15399169921875,293.1730041503906,299.8699951171875,299.8699951171875,359705984.0,ETH-USD,315.60434,297.92498779296875,0.0,-15.734344482421875
2017-10-11,303.49798583984375,309.1510009765625,303.2900085449219,304.135986328125,304.135986328125,527556992.0,ETH-USD,316.10547,297.4230041503906,0.0,-11.969482421875
2017-10-12,304.0790100097656,348.59600830078125,299.6570129394531,338.7569885253906,338.7569885253906,1304359936.0,ETH-USD,319.2347,296.2980041503906,0.0,19.52227783203125
2017-10-13,338.85198974609375,347.9750061035156,334.697998046875,339.62799072265625,339.62799072265625,516561984.0,ETH-USD,324.8001,305.0880126953125,0.0,14.827880859375
2017-10-16,333.4840087890625,333.4840087890625,311.7869873046875,317.0820007324219,317.0820007324219,509924000.0,ETH-USD,339.4637,291.6940002441406,0.0,-22.3817138671875
2017-10-17,316.9440002441406,317.2359924316406,290.635986328125,314.3190002441406,314.3190002441406,606113984.0,ETH-USD,339.57327,287.4289855957031,0.0,-25.2542724609375
2017-10-19,308.0459899902344,311.43798828125,303.4939880371094,304.0060119628906,304.0060119628906,396672992.0,ETH-USD,334.94516,300.468994140625,0.0,-30.93914794921875
2017-10-20,303.5719909667969,303.92999267578125,291.76800537109375,300.18701171875,300.18701171875,408014016.0,ETH-USD,330.85925,296.26300048828125,0.0,-30.6722412109375
2017-10-21,300.54901123046875,305.50201416015625,292.8139953613281,295.4460144042969,295.4460144042969,327387008.0,ETH-USD,326.3952,298.8919982910156,30.949188232421875,0.0
2017-10-30,304.7820129394531,310.4960021972656,304.35198974609375,307.7510070800781,307.7510070800781,331441984.0,ETH-USD,310.6056,337.6310119628906,2.854583740234375,0.0
2017-11-03,288.49700927734375,308.31298828125,287.6929931640625,305.71099853515625,305.71099853515625,646339968.0,ETH-USD,312.24832,347.61199951171875,6.537322998046875,0.0
2017-11-08,294.27099609375,318.7019958496094,293.1029968261719,309.07000732421875,309.07000732421875,967955968.0,ETH-USD,312.60767,410.1659851074219,3.53765869140625,0.0
2017-11-09,308.6449890136719,329.4519958496094,307.0559997558594,320.8840026855469,320.8840026855469,893249984.0,ETH-USD,315.2279,474.9110107421875,-5.656097412109375,0.0
2017-11-10,320.6709899902344,324.7179870605469,294.5419921875,299.25299072265625,299.25299072265625,885985984.0,ETH-USD,317.73212,466.2760009765625,18.4791259765625,0.0
2017-11-13,307.0249938964844,328.4150085449219,307.0249938964844,316.71600341796875,316.71600341796875,1041889984.0,ETH-USD,324.01978,472.9020080566406,7.30377197265625,0.0
2017-11-16,333.4429931640625,336.15899658203125,323.6059875488281,330.92401123046875,330.92401123046875,797254016.0,ETH-USD,335.6516,466.5400085449219,4.72760009765625,0.0
2017-11-21,367.4429931640625,372.4700012207031,350.6929931640625,360.4010009765625,360.4010009765625,949912000.0,ETH-USD,359.359,428.5880126953125,-1.0419921875,0.0
2017-11-24,412.5010070800781,480.9729919433594,402.75799560546875,474.9110107421875,474.9110107421875,2292829952.0,ETH-USD,390.47345,473.50201416015625,0.0,84.43756103515625
2017-11-25,475.6759948730469,485.1919860839844,461.0530090332031,466.2760009765625,466.2760009765625,1422080000.0,ETH-USD,409.80432,441.72100830078125,0.0,56.4716796875
2017-11-26,465.9739990234375,472.7229919433594,451.6059875488281,471.3299865722656,471.3299865722656,1197779968.0,ETH-USD,428.32654,515.135986328125,-43.003448486328125,0.0
2017-11-27,471.531005859375,493.4049987792969,468.4849853515625,480.3550109863281,480.3550109863281,1396480000.0,ETH-USD,445.88638,651.4310302734375,-34.4686279296875,0.0
2017-11-28,480.51800537109375,482.4800109863281,466.34698486328125,472.9020080566406,472.9020080566406,1346499968.0,ETH-USD,460.5249,702.7670288085938,-12.377105712890625,0.0
2017-11-30,431.2149963378906,465.49700927734375,401.2430114746094,447.114013671875,447.114013671875,1903040000.0,ETH-USD,475.5603,684.447998046875,28.4462890625,0.0
2017-12-11,440.3580017089844,516.968994140625,439.10400390625,515.135986328125,515.135986328125,1771440000.0,ETH-USD,472.86536,773.8359985351562,-42.2706298828125,0.0
2017-12-15,696.3759765625,697.1320190429688,621.0609741210938,684.447998046875,684.447998046875,2758710016.0,ETH-USD,600.0602,717.2570190429688,-84.3878173828125,0.0
2017-12-16,686.1920166015625,718.385009765625,680.7860107421875,696.208984375,696.208984375,2165690112.0,ETH-USD,631.24066,756.7329711914062,-64.96832275390625,0.0
2017-12-30,753.8150024414062,753.8150024414062,685.2310180664062,717.2570190429688,717.2570190429688,3187780096.0,ETH-USD,750.61505,1366.77001953125,33.3580322265625,0.0
2017-12-31,712.2119750976562,760.3480224609375,710.1190185546875,756.7329711914062,756.7329711914062,2554269952.0,ETH-USD,747.605,1291.9200439453125,-9.12799072265625,0.0
2018-01-05,975.75,1075.3900146484375,956.3250122070312,997.719970703125,997.719970703125,6683149824.0,ETH-USD,862.1942,1155.1500244140625,-135.5257568359375,0.0
2018-01-13,1270.469970703125,1432.8800048828125,1270.469970703125,1396.4200439453125,1396.4200439453125,5746760192.0,ETH-USD,1190.9796,1246.010009765625,0.0,205.4404296875
2018-01-17,1061.3399658203125,1090.22998046875,780.9219970703125,1014.25,1014.25,8545160192.0,ETH-USD,1211.8959,1036.7900390625,197.6458740234375,0.0
2018-02-01,1119.3699951171875,1161.3499755859375,984.8189697265625,1036.7900390625,1036.7900390625,5261680128.0,ETH-USD,1080.1887,944.2100219726562,0.0,-43.398681640625
2018-02-03,919.2109985351562,991.9429931640625,847.6900024414062,964.0189819335938,964.0189819335938,3243480064.0,ETH-USD,1040.2933,923.9210205078125,0.0,-76.27435302734375
2018-02-10,882.4669799804688,917.4000244140625,825.5770263671875,860.4149780273438,860.4149780273438,2930530048.0,ETH-USD,818.497,844.8099975585938,0.0,41.91796875
2018-02-15,923.72802734375,951.947998046875,911.1110229492188,936.9760131835938,936.9760131835938,2900100096.0,ETH-USD,840.5677,856.85302734375,0.0,96.4083251953125
2018-02-24,861.593017578125,879.531005859375,818.5499877929688,840.5150146484375,840.5150146484375,1926579968.0,ETH-USD,872.66547,723.3389892578125,0.0,-32.15045166015625
2018-03-01,856.0120239257812,880.302001953125,851.9199829101562,872.2000122070312,872.2000122070312,1868519936.0,ETH-USD,848.69666,601.666015625,0.0,23.50335693359375
2018-03-06,853.8170166015625,853.8170166015625,809.9310302734375,816.9509887695312,816.9509887695312,1943069952.0,ETH-USD,843.82153,561.7319946289062,0.0,-26.87054443359375
2018-03-07,816.27099609375,825.6069946289062,726.5469970703125,752.8309936523438,752.8309936523438,2175419904.0,ETH-USD,834.44855,539.7020263671875,0.0,-81.6175537109375
2018-03-10,730.1599731445312,748.031005859375,682.6950073242188,686.8900146484375,686.8900146484375,1532960000.0,ETH-USD,774.0069,524.2869873046875,0.0,-87.11688232421875
2018-03-13,698.1530151367188,713.7349853515625,682.3499755859375,690.8270263671875,690.8270263671875,1425959936.0,ETH-USD,724.85297,446.27899169921875,0.0,-34.02593994140625
2018-03-14,691.218994140625,702.7839965820312,594.0999755859375,614.291015625,614.291015625,1810560000.0,ETH-USD,709.33655,385.9679870605469,0.0,-95.0455322265625
2018-03-18,551.6400146484375,551.6400146484375,460.0880126953125,538.6439819335938,538.6439819335938,2685499904.0,ETH-USD,625.8948,386.42498779296875,0.0,-87.25079345703125
2018-03-21,559.0999755859375,589.6069946289062,550.572021484375,561.7319946289062,561.7319946289062,1781270016.0,ETH-USD,577.486,383.23199462890625,0.0,-15.7540283203125
2018-03-22,562.10302734375,577.5659790039062,523.0889892578125,539.7020263671875,539.7020263671875,1523459968.0,ETH-USD,569.1922,370.2850036621094,0.0,-29.49017333984375
2018-03-23,539.864013671875,540.4869995117188,512.1270141601562,539.6190185546875,539.6190185546875,1596349952.0,ETH-USD,561.46686,385.3139953613281,0.0,-21.84783935546875
2018-03-28,448.07501220703125,450.81298828125,385.81298828125,385.9679870605469,385.9679870605469,1970230016.0,ETH-USD,499.9068,492.73498535156244,113.93881225585938,0.0
2018-04-05,382.7309875488281,385.19500732421875,366.9110107421875,370.2850036621094,370.2850036621094,967105984.0,ETH-USD,401.07376,605.39501953125,30.78875732421875,0.0
2018-04-14,502.8800048828125,531.7020263671875,502.8800048828125,531.7020263671875,531.7020263671875,1726089984.0,ETH-USD,472.39835,669.9240112304688,-59.303680419921875,0.0
2018-04-17,503.3089904785156,525.0919799804688,503.0450134277344,524.7890014648438,524.7890014648438,1762940032.0,ETH-USD,512.85834,779.5430297851562,-11.9306640625,0.0
2018-04-19,567.989013671875,618.7150268554688,560.2830200195312,615.718017578125,615.718017578125,2849469952.0,ETH-USD,539.89905,816.1199951171875,-75.8189697265625,0.0
2018-04-23,643.3980102539062,708.875,643.3980102539062,708.1580200195312,708.1580200195312,3581860096.0,ETH-USD,614.1771,752.2750244140625,-93.98089599609375,0.0
2018-04-27,644.64599609375,691.4420166015625,644.64599609375,683.677978515625,683.677978515625,2496659968.0,ETH-USD,662.60205,733.4959716796875,-21.075927734375,0.0
2018-05-09,752.5789794921875,766.7479858398438,726.6640014648438,727.2769775390625,727.2769775390625,2748950016.0,ETH-USD,767.4178,586.7340087890625,0.0,-40.14080810546875
2018-05-17,672.1019897460938,695.031005859375,663.8090209960938,694.3670043945312,694.3670043945312,2305740032.0,ETH-USD,709.0845,591.8079833984375,0.0,-14.71746826171875
2018-05-21,700.177978515625,700.9760131835938,644.0260009765625,647.7410278320312,647.7410278320312,2230469888.0,ETH-USD,698.6417,607.1240234375,0.0,-50.90069580078125
2018-05-26,588.52001953125,590.3280029296875,562.8660278320312,572.6680297851562,572.6680297851562,1788790016.0,ETH-USD,626.35895,533.2839965820312,0.0,-53.69091796875
2018-05-28,516.1480102539062,572.2639770507812,516.1480102539062,565.3880004882812,565.3880004882812,2330820096.0,ETH-USD,595.159,477.4939880371094,0.0,-29.77099609375
2018-06-01,580.4290161132812,597.0770263671875,577.322021484375,591.8079833984375,591.8079833984375,1880390016.0,ETH-USD,575.70715,500.44799804687506,0.0,16.100830078125
2018-06-04,593.406005859375,611.3300170898438,580.9819946289062,609.302978515625,609.302978515625,1844269952.0,ETH-USD,591.8117,536.2680053710938,0.0,17.49127197265625
2018-06-13,478.3810119628906,523.5449829101562,467.46600341796875,519.7420043945312,519.7420043945312,2458650112.0,ETH-USD,551.6791,436.0090026855469,0.0,-31.93707275390625
2018-06-19,538.5059814453125,541.0150146484375,519.3690185546875,536.2680053710938,536.2680053710938,1596290048.0,ETH-USD,519.51526,474.4119873046875,0.0,16.75274658203125
2018-06-20,536.447021484375,543.7169799804688,524.2589721679688,527.3670043945312,527.3670043945312,1462070016.0,ETH-USD,523.6651,474.0119934082031,0.0,3.701904296875
2018-06-25,460.7330017089844,461.2130126953125,432.7720031738281,432.7720031738281,432.7720031738281,1356560000.0,ETH-USD,496.1661,446.51800537109375,63.39410400390625,0.0
2018-06-28,422.5870056152344,441.7929992675781,407.9469909667969,436.0090026855469,436.0090026855469,1564499968.0,ETH-USD,465.29797,436.08599853515625,29.288970947265625,0.0
2018-07-09,476.1619873046875,478.3179931640625,433.9599914550781,434.42401123046875,434.42401123046875,1789069952.0,ETH-USD,488.21045,472.4930114746094,53.78643798828125,0.0
2018-07-21,462.43798828125,470.89801025390625,458.1189880371094,459.6570129394531,459.6570129394531,1338589952.0,ETH-USD,481.15915,406.6579895019531,0.0,-21.50213623046875
2018-07-26,464.0090026855469,473.22198486328125,458.2909851074219,469.6659851074219,469.6659851074219,1734259968.0,ETH-USD,481.41104,322.11199951171875,0.0,-11.74505615234375
2018-07-31,433.8689880371094,435.4570007324219,410.4639892578125,420.74700927734375,420.74700927734375,1888060000.0,ETH-USD,472.17996,288.0459899902344,0.0,-51.432952880859375
2018-08-09,365.7760009765625,367.0450134277344,329.58599853515625,334.1759948730469,334.1759948730469,1699400000.0,ETH-USD,399.9618,279.64599609375,0.0,-65.78579711914062
2018-08-17,316.7909851074219,320.4460144042969,286.5509948730469,295.81201171875,295.81201171875,1764020000.0,ETH-USD,313.3945,294.3710021972656,0.0,-17.582489013671875
2018-08-18,295.6700134277344,307.0979919433594,291.3320007324219,300.8340148925781,300.8340148925781,1447910000.0,ETH-USD,311.52252,289.2590026855469,0.0,-10.688507080078125
2018-08-24,283.281005859375,283.5150146484375,278.47100830078125,279.64599609375,279.64599609375,1208360000.0,ETH-USD,295.78003,196.9239959716797,0.0,-16.134033203125
2018-09-17,197.09500122070312,213.35699462890625,195.9340057373047,209.97500610351562,209.97500610351562,1800640000.0,ETH-USD,221.50911,220.48899841308594,11.534103393554688,0.0
2018-09-26,215.44000244140625,230.60699462890625,212.6540069580078,228.49400329589844,228.49400329589844,2030320000.0,ETH-USD,246.01852,196.7270050048828,0.0,-17.524520874023438
2018-09-27,229.04100036621094,231.7480010986328,218.66900634765625,222.40199279785156,222.40199279785156,2018120000.0,ETH-USD,245.11798,199.84100341796875,0.0,-22.715988159179688
2018-09-28,221.7050018310547,234.01400756835938,216.0780029296875,231.63499450683594,231.63499450683594,2208720000.0,ETH-USD,244.63007,195.71499633789062,0.0,-12.995071411132812
2018-09-30,233.22000122070312,234.14500427246094,226.94500732421875,230.76800537109375,230.76800537109375,1597500000.0,ETH-USD,245.17886,210.1199951171875,0.0,-14.410858154296875
2018-10-02,226.40699768066406,226.45799255371094,213.9709930419922,220.48899841308594,220.48899841308594,1683930000.0,ETH-USD,244.47618,203.3520050048828,0.0,-23.9871826171875
2018-10-07,226.50900268554688,230.76499938964844,224.5570068359375,229.2550048828125,229.2550048828125,1470740000.0,ETH-USD,241.06711,204.33599853515625,0.0,-11.812103271484375
2018-10-10,225.61000061035156,225.61000061035156,189.2830047607422,189.49899291992188,189.49899291992188,2167620000.0,ETH-USD,239.78749,203.32899475097656,50.28849792480469,0.0
2018-10-12,196.36399841308594,201.2790069580078,196.36399841308594,199.84100341796875,199.84100341796875,1167610000.0,ETH-USD,230.38043,205.36599731445312,30.5394287109375,0.0
2018-10-16,210.2169952392578,211.125,205.92799377441406,207.08299255371094,207.08299255371094,1444130000.0,ETH-USD,221.4127,198.8719940185547,0.0,-14.3297119140625
2018-10-17,207.4040069580078,208.47000122070312,201.7429962158203,203.3520050048828,203.3520050048828,1365860000.0,ETH-USD,220.89568,200.63499450683594,0.0,-17.543670654296875
2018-10-19,203.51499938964844,206.2220001220703,203.0850067138672,205.42999267578125,205.42999267578125,1238780000.0,ETH-USD,219.57086,207.48599243164062,14.140869140625,0.0
2018-10-23,204.1269989013672,205.58099365234375,203.35400390625,203.8520050048828,203.8520050048828,1102220000.0,ETH-USD,218.53339,212.2310028076172,14.681381225585938,0.0
2018-11-08,217.32699584960938,218.33799743652344,212.19900512695312,212.2310028076172,212.2310028076172,1769080000.0,ETH-USD,225.32246,123.2959976196289,0.0,-13.091461181640625
2018-11-13,210.1490020751953,210.51499938964844,206.13499450683594,206.8260040283203,206.8260040283203,1610260000.0,ETH-USD,227.8622,122.43800354003906,0.0,-21.03619384765625
2018-11-16,180.86500549316406,181.35000610351562,173.12600708007812,175.177001953125,175.177001953125,2015330000.0,ETH-USD,216.81075,118.63555908203125,0.0,-41.63374328613281
2018-11-17,175.36000061035156,175.8509979248047,172.86900329589844,174.00100708007812,174.00100708007812,1832800000.0,ETH-USD,210.92116,116.38890075683594,0.0,-36.92015075683594
2018-12-01,113.39775848388672,120.8414535522461,111.61912536621094,118.63555908203125,118.63555908203125,2131475768.0,ETH-USD,128.51831,85.26210021972656,0.0,-9.88275146484375
2018-12-16,84.46940612792969,87.56812286376953,84.46940612792969,85.26210021972656,85.26210021972656,1565817037.0,ETH-USD,99.502846,133.36825561523438,14.240745544433594,0.0
2018-12-24,130.64166259765625,157.668701171875,130.64166259765625,140.23800659179688,140.23800659179688,4370343387.0,ETH-USD,131.52379,150.35963439941406,-8.714218139648438,0.0
2018-12-30,137.62745666503906,140.6890869140625,133.98233032226562,139.8594512939453,139.8594512939453,2660086834.0,ETH-USD,151.62645,129.0687255859375,0.0,-11.766998291015625
2019-01-01,133.41815185546875,141.3975067138672,132.6507110595703,140.8194122314453,140.8194122314453,2258709868.0,ETH-USD,153.26303,123.54706573486328,0.0,-12.443618774414062
2019-01-02,141.51951599121094,156.92913818359375,140.6509552001953,155.0476837158203,155.0476837158203,3328240369.0,ETH-USD,155.46999,123.7419204711914,0.0,-0.42230224609375
2019-01-10,150.843505859375,152.1482696533203,126.52937316894531,128.62518310546875,128.62518310546875,3397734456.0,ETH-USD,170.12498,116.37834167480469,0.0,-41.49980163574219
2019-01-23,118.71381378173828,119.42279815673828,116.37664794921875,117.45260620117188,117.45260620117188,2556952198.0,ETH-USD,135.8316,104.5353012084961,0.0,-18.378997802734375
2019-01-24,117.46278381347656,118.0321044921875,116.00679779052734,117.36288452148438,117.36288452148438,2520843420.0,ETH-USD,134.88182,119.26774597167969,17.518936157226562,0.0
2019-01-27,116.51031494140625,116.68540954589844,113.40528869628906,113.40528869628906,113.40528869628906,2775888287.0,ETH-USD,132.77222,121.29839324951172,19.366928100585938,0.0
2019-01-28,113.28523254394531,113.688232421875,103.33646392822266,106.58997344970703,106.58997344970703,3366895505.0,ETH-USD,131.98415,122.57228851318361,25.39417266845703,0.0
2019-02-01,107.1476821899414,108.63871002197266,105.04650115966797,107.60978698730469,107.60978698730469,2541271519.0,ETH-USD,126.15188,123.26021575927734,18.542091369628906,0.0
2019-02-05,107.62816619873047,108.1347885131836,106.90989685058594,107.44351959228516,107.44351959228516,2515863999.0,ETH-USD,123.167595,149.55433654785156,15.724075317382812,0.0
2019-02-17,123.18208312988281,134.46009826660156,123.09161376953125,133.598876953125,133.598876953125,4236081130.0,ETH-USD,141.99336,127.77412414550781,0.0,-8.394485473632812
2019-02-19,146.39881896972656,149.9299774169922,145.1284637451172,145.34619140625,145.34619140625,5310842625.0,ETH-USD,151.63844,138.7893524169922,0.0,-6.2922515869140625
2019-02-23,148.67662048339844,159.12586975097656,147.3310546875,158.79542541503906,158.79542541503906,4519468458.0,ETH-USD,167.16406,136.75868225097656,0.0,-8.368637084960938
2019-03-01,136.83624267578125,138.99526977539062,136.43478393554688,136.44361877441406,136.44361877441406,3756124824.0,ETH-USD,164.076,142.39817810058594,27.63238525390625,0.0
2019-03-02,136.35008239746094,137.18479919433594,132.43638610839844,134.2069549560547,134.2069549560547,3747176425.0,ETH-USD,161.54955,140.00054931640625,27.34259033203125,0.0
2019-03-12,134.01284790039062,135.27346801757812,130.94415283203125,134.44288635253906,134.44288635253906,4709988000.0,ETH-USD,158.12297,140.9881591796875,23.680084228515625,0.0
2019-03-13,134.6117706298828,134.6117706298828,132.7197265625,133.26307678222656,133.26307678222656,4265162099.0,ETH-USD,157.60815,139.41647338867188,24.345077514648438,0.0
2019-03-14,133.2039031982422,135.18084716796875,132.7500762939453,133.7115936279297,133.7115936279297,4476532147.0,ETH-USD,157.00629,142.49742126464844,23.294692993164062,0.0
2019-03-23,137.0398712158203,139.38539123535156,136.91201782226562,138.2398681640625,138.2398681640625,4436568613.0,ETH-USD,160.68909,174.53164672851562,22.44921875,0.0
2019-03-24,138.3153533935547,138.3756103515625,136.31375122070312,136.98692321777344,136.98692321777344,4266845458.0,ETH-USD,160.27248,180.25881958007812,23.285552978515625,0.0
2019-03-25,137.08135986328125,137.69534301757812,133.4901580810547,135.03102111816406,135.03102111816406,4480516753.0,ETH-USD,159.68434,176.1145782470703,24.6533203125,0.0
2019-03-27,135.45436096191406,141.07546997070312,135.34165954589844,140.9881591796875,140.9881591796875,5228240093.0,ETH-USD,159.08345,165.4970245361328,18.095291137695312,0.0
2019-03-29,139.34320068359375,142.5492401123047,138.04510498046875,142.49742126464844,142.49742126464844,5125602702.0,ETH-USD,159.89233,164.5133514404297,17.394912719726562,0.0
2019-04-03,161.4317626953125,164.92921447753906,155.24110412597656,158.0525360107422,158.0525360107422,7953123529.0,ETH-USD,182.22678,173.70843505859375,24.174240112304688,0.0
2019-04-10,177.34275817871094,177.48748779296875,162.32061767578125,165.4970245361328,165.4970245361328,7859383417.0,ETH-USD,207.60406,156.3470916748047,0.0,-42.10704040527344
2019-04-19,173.71881103515625,176.705810546875,171.78883361816406,173.7512664794922,173.7512664794922,6142567812.0,ETH-USD,193.72061,163.45069885253906,0.0,-19.969345092773438
2019-04-20,173.7154083251953,174.4207763671875,167.4285888671875,170.04652404785156,170.04652404785156,6005571688.0,ETH-USD,195.00613,172.65321350097656,24.959609985351562,0.0
2019-04-29,155.1727752685547,162.4322509765625,155.1727752685547,162.16603088378906,162.16603088378906,6275803460.0,ETH-USD,186.35753,247.15306091308594,24.191497802734375,0.0
2019-05-01,160.85357666015625,162.93701171875,160.06069946289062,162.12278747558594,162.12278747558594,6044171062.0,ETH-USD,184.74016,243.76458740234375,22.61737060546875,0.0
2019-05-06,172.42727661132812,180.3944091796875,169.69471740722656,169.7986602783203,169.7986602783203,8411140170.0,ETH-USD,193.67749,244.69891357421875,23.878829956054688,0.0
2019-05-07,169.90420532226562,172.1835479736328,166.40924072265625,170.9481658935547,170.9481658935547,6416569598.0,ETH-USD,195.8035,245.96566772460938,24.855331420898438,0.0
2019-05-08,170.95187377929688,172.88040161132812,167.2478790283203,170.289306640625,170.289306640625,6546914198.0,ETH-USD,197.17874,249.48498535156247,26.889434814453125,0.0
2019-05-09,170.31297302246094,175.88526916503906,168.99142456054688,173.1427459716797,173.1427459716797,8036919053.0,ETH-USD,199.05707,251.75987243652347,25.914321899414062,0.0
2019-05-15,246.94195556640625,275.3944396972656,245.7952880859375,264.010009765625,264.010009765625,18661465873.0,ETH-USD,257.9907,268.1135559082031,-6.019317626953125,0.0
2019-05-26,267.1418762207031,278.50726318359375,265.4447021484375,272.8626403808594,272.8626403808594,12074664736.0,ETH-USD,294.42755,245.78182983398438,0.0,-21.564910888671875
2019-05-27,272.5904846191406,274.3208312988281,267.5143737792969,271.7687072753906,271.7687072753906,10362846898.0,ETH-USD,297.96417,260.9032897949219,0.0,-26.195465087890625
2019-05-29,269.5518798828125,287.2016296386719,247.34860229492188,255.85894775390625,255.85894775390625,13604268584.0,ETH-USD,305.12463,264.08746337890625,49.26568603515625,0.0
2019-06-05,246.9252471923828,249.9445037841797,238.50111389160156,249.47433471679688,249.47433471679688,8265146806.0,ETH-USD,293.5451,294.9102783203125,44.070770263671875,0.0
2019-06-11,245.9254913330078,261.017578125,244.49131774902344,260.9032897949219,260.9032897949219,8645598618.0,ETH-USD,275.81332,294.26763916015625,14.9100341796875,0.0
2019-06-12,260.91351318359375,262.1631164550781,255.59628295898438,256.1687927246094,256.1687927246094,8442077836.0,ETH-USD,277.91403,311.2261047363281,21.7452392578125,0.0
2019-06-13,256.1796569824219,265.37139892578125,254.14743041992188,264.08746337890625,264.08746337890625,8676891267.0,ETH-USD,281.13376,320.05889892578125,17.046295166015625,0.0
2019-06-14,263.93414306640625,271.5055847167969,262.1212158203125,269.0193176269531,269.0193176269531,8126853944.0,ETH-USD,285.03867,290.69598388671875,16.01934814453125,0.0
2019-06-17,274.32025146484375,274.32025146484375,263.1444396972656,265.0518493652344,265.0518493652344,6205242504.0,ETH-USD,295.42203,303.0999755859375,30.37017822265625,0.0
2019-06-24,310.6786193847656,318.1263122558594,307.6431579589844,318.1263122558594,318.1263122558594,9641764965.0,ETH-USD,332.5985,290.0023193359375,0.0,-14.472198486328125
2019-06-25,317.9925842285156,361.398681640625,315.9548645019531,336.753173828125,336.753173828125,16437084081.0,ETH-USD,346.0605,268.70404052734375,0.0,-9.30731201171875
2019-06-28,311.284423828125,322.0435485839844,294.75384521484375,320.05889892578125,320.05889892578125,10929374565.0,ETH-USD,365.07892,227.57806396484375,0.0,-45.02001953125
2019-07-01,293.5372619628906,295.6558532714844,272.6025695800781,291.596435546875,291.596435546875,10618413952.0,ETH-USD,355.57843,211.48497009277344,0.0,-63.98199462890625
2019-07-06,287.6036071777344,310.1393127441406,286.10919189453125,305.7005615234375,305.7005615234375,8119724981.0,ETH-USD,330.2797,217.5600128173828,0.0,-24.579132080078125
2019-07-07,305.7347717285156,314.26788330078125,303.5004577636719,313.25140380859375,313.25140380859375,9078905628.0,ETH-USD,330.1798,212.728515625,0.0,-16.92840576171875
2019-07-16,199.06678771972656,217.9756317138672,193.99041748046875,211.48497009277344,211.48497009277344,9387747640.0,ETH-USD,283.43216,217.80844116210938,71.94718933105469,0.0
2019-07-22,217.56846618652344,218.51805114746094,209.63812255859375,212.728515625,212.728515625,6976091534.0,ETH-USD,248.7213,226.39100646972656,35.99278259277344,0.0
2019-08-17,185.84109497070312,197.52249145507812,183.69224548339844,194.4935302734375,194.4935302734375,5969012024.0,ETH-USD,223.53905,178.34735107421875,0.0,-29.045516967773438
2019-08-18,194.5560302734375,203.56015014648438,193.10824584960938,203.09193420410156,203.09193420410156,6145148692.0,ETH-USD,221.24164,179.49932861328125,0.0,-18.149703979492188
2019-08-23,194.671630859375,194.7849884033203,187.62725830078125,191.28956604003906,191.28956604003906,6249737982.0,ETH-USD,220.87494,181.35552978515625,0.0,-29.585372924804688
2019-08-28,173.9586944580078,173.99639892578125,167.1708984375,169.51673889160156,169.51673889160156,7129569083.0,ETH-USD,214.14339,181.10972595214844,44.62664794921875,0.0
2019-09-03,179.4919891357422,180.1365966796875,175.3253631591797,175.99288940429688,175.99288940429688,5938120494.0,ETH-USD,201.09422,221.28085327148438,25.101333618164062,0.0
2019-09-04,175.96627807617188,176.16390991210938,171.746826171875,174.21713256835938,174.21713256835938,5589476516.0,ETH-USD,200.77014,218.050048828125,26.553009033203125,0.0
2019-09-16,197.11476135253906,213.73194885253906,196.71548461914062,208.60874938964844,208.60874938964844,10232590812.0,ETH-USD,218.50813,180.71051025390625,0.0,-9.899383544921875
2019-09-19,221.0696258544922,221.5985565185547,215.15963745117188,218.050048828125,218.050048828125,8027974273.0,ETH-USD,240.41797,176.3515167236328,0.0,-22.367919921875
2019-10-04,176.94631958007812,177.71324157714844,173.06956481933594,176.3515167236328,176.3515167236328,5837211771.0,ETH-USD,200.3343,175.5343780517578,0.0,-23.9827880859375
2019-10-07,181.1133575439453,184.35997009277344,179.13339233398438,182.0215606689453,182.0215606689453,7466282780.0,ETH-USD,202.24481,162.4027862548828,0.0,-20.223251342773438
2019-10-11,182.53402709960938,186.3048858642578,179.98483276367188,180.82664489746094,180.82664489746094,7494328840.0,ETH-USD,217.08621,184.24221801757812,36.25956726074219,0.0
2019-10-12,180.86131286621094,185.07591247558594,180.31715393066406,182.0751495361328,182.0751495361328,6733182273.0,ETH-USD,217.27713,182.66281127929688,35.20198059082031,0.0
2019-10-14,186.97705078125,187.75987243652344,179.46278381347656,181.40606689453125,181.40606689453125,7731456579.0,ETH-USD,216.73581,184.69216918945312,35.329742431640625,0.0
2019-11-05,186.30931091308594,191.25782775878906,184.3319854736328,189.30416870117188,189.30416870117188,10024177342.0,ETH-USD,221.44044,175.69834899902344,0.0,-32.13627624511719
2019-11-09,184.3117218017578,185.83853149414062,183.90223693847656,185.02871704101562,185.02871704101562,7277418704.0,ETH-USD,221.80081,142.83470153808594,0.0,-36.7720947265625
2019-11-10,184.943359375,190.9206085205078,184.68678283691406,189.47727966308594,189.47727966308594,8752784211.0,ETH-USD,220.80164,146.47653198242188,0.0,-31.324356079101562
2019-11-11,189.5029296875,190.3384246826172,185.08631896972656,185.48963928222656,185.48963928222656,7877424106.0,ETH-USD,219.73027,148.96507263183594,0.0,-34.240631103515625
2019-11-20,177.415283203125,178.99314880371094,175.29043579101562,175.69834899902344,175.69834899902344,7205785149.0,ETH-USD,211.38159,149.24899291992188,0.0,-35.68324279785156
2019-11-28,153.06924438476562,156.61358642578125,151.09112548828125,151.7175750732422,151.7175750732422,7346531960.0,ETH-USD,184.26904,144.9447479248047,0.0,-32.55146789550781
2019-12-06,149.396484375,149.67051696777344,147.6065216064453,149.19444274902344,149.19444274902344,6458766441.0,ETH-USD,174.37424,128.13095092773438,0.0,-25.179794311523438
2019-12-17,133.64718627929688,134.01153564453125,121.39508056640625,122.60388946533203,122.60388946533203,9057166141.0,ETH-USD,172.67456,130.802001953125,50.07067108154297,0.0
2019-12-22,128.09812927246094,133.1600341796875,127.9284896850586,132.3725128173828,132.3725128173828,9121058481.0,ETH-USD,165.45859,144.3041534423828,33.08607482910156,0.0
2019-12-25,129.06849670410156,129.06849670410156,124.88549041748047,126.45463562011719,126.45463562011719,8418019054.0,ETH-USD,161.85716,138.9792022705078,35.40252685546875,0.0
2019-12-26,126.486328125,130.89834594726562,125.40644073486328,126.36122131347656,126.36122131347656,8600871980.0,ETH-USD,160.68315,143.96377563476562,34.321929931640625,0.0
2020-01-01,129.6306610107422,132.83535766601562,129.1982879638672,130.802001953125,130.802001953125,7935230330.0,ETH-USD,162.29639,164.39100646972656,31.494384765625,0.0
2020-01-04,134.16851806640625,136.05271911621094,133.04055786132812,135.06936645507812,135.06936645507812,7430904515.0,ETH-USD,162.69687,166.9698486328125,27.62750244140625,0.0
2020-01-05,135.0720977783203,139.4102020263672,135.04562377929688,136.2767791748047,136.2767791748047,7526675353.0,ETH-USD,162.68755,167.12051391601562,26.4107666015625,0.0
2020-01-14,144.2510528564453,167.68154907226562,144.06492614746094,165.95535278320312,165.95535278320312,16712318373.0,ETH-USD,181.49232,175.0503387451172,15.536972045898438,0.0
2020-01-15,165.734619140625,170.42567443847656,161.109619140625,166.23068237304688,166.23068237304688,15173694057.0,ETH-USD,190.4841,184.6904754638672,24.25341796875,0.0
2020-01-20,166.9041290283203,169.11488342285156,162.33160400390625,167.12051391601562,167.12051391601562,11144529787.0,ETH-USD,218.95026,189.25059509277344,51.829742431640625,0.0
2020-01-30,174.91770935058594,186.26048278808594,172.3746337890625,184.6904754638672,184.6904754638672,12604789338.0,ETH-USD,207.75095,284.2174987792969,23.060470581054688,0.0
2020-01-31,184.73690795898438,185.4058380126953,176.29681396484375,180.16017150878906,180.16017150878906,11728616394.0,ETH-USD,211.98032,264.72857666015625,31.820144653320312,0.0
2020-02-01,180.11376953125,183.84555053710938,179.74517822265625,183.6739501953125,183.6739501953125,11569697182.0,ETH-USD,215.69876,259.89471435546875,32.024810791015625,0.0
2020-02-16,264.904052734375,272.8824462890625,242.48440551757812,259.89471435546875,259.89471435546875,25152366643.0,ETH-USD,346.52542,230.5697784423828,0.0,-86.63070678710938
2020-02-26,247.74020385742188,249.6497039794922,221.2665557861328,225.68026733398438,225.68026733398438,26235617201.0,ETH-USD,336.58627,112.34712219238281,0.0,-110.906005859375
2020-02-27,225.68704223632812,237.2289276123047,212.66452026367188,226.75338745117188,226.75338745117188,25645522790.0,ETH-USD,333.57697,133.20181274414062,0.0,-106.82357788085938
2020-02-28,226.98760986328125,234.2089385986328,216.34620666503906,226.760498046875,226.760498046875,22563530559.0,ETH-USD,328.27533,123.30602264404297,0.0,-101.51483154296875
2020-03-02,218.7116241455078,232.81158447265625,217.28428649902344,230.5697784423828,230.5697784423828,20305587789.0,ETH-USD,301.5575,113.9427490234375,0.0,-70.98771667480469
2020-03-05,224.6418914794922,234.3644561767578,224.6418914794922,229.2681884765625,229.2681884765625,18201291785.0,ETH-USD,286.10498,132.73716735839844,0.0,-56.8367919921875
2020-03-14,133.5824737548828,134.484375,122.41447448730469,123.30602264404297,123.30602264404297,12740784545.0,ETH-USD,242.42729,125.58373260498048,119.12126922607422,0.0
2020-03-18,113.8576431274414,116.02162170410156,111.74311065673828,114.84226989746094,114.84226989746094,11617854009.0,ETH-USD,170.06717,142.02914428710938,55.22489929199219,0.0
2020-04-06,169.14744567871094,175.20413208007812,164.2033233642578,165.10194396972656,165.10194396972656,21659346091.0,ETH-USD,197.41426,182.59957885742188,32.31231689453125,0.0
2020-04-07,165.24032592773438,173.21026611328125,164.49319458007812,172.64173889160156,172.64173889160156,17063110836.0,ETH-USD,208.40338,185.02867126464844,35.76164245605469,0.0
2020-04-08,172.76126098632812,172.8977813720703,167.98712158203125,170.80714416503906,170.80714416503906,14901696210.0,ETH-USD,215.77403,189.2369384765625,44.966888427734375,0.0
2020-04-18,186.8619842529297,188.0989227294922,180.12081909179688,181.61495971679688,181.61495971679688,19146038381.0,ETH-USD,228.41678,208.17401123046875,46.80181884765625,0.0
2020-05-03,210.89085388183594,211.82838439941406,199.0477294921875,208.17401123046875,208.17401123046875,22602446422.0,ETH-USD,285.0766,213.45111083984375,76.902587890625,0.0
2020-05-07,212.1982421875,216.3276824951172,208.8307342529297,212.9915771484375,212.9915771484375,20445139356.0,ETH-USD,281.53802,208.69439697265625,0.0,-68.54644775390625
2020-05-22,207.19448852539062,210.38645935058594,205.29421997070312,208.69439697265625,208.69439697265625,10665476768.0,ETH-USD,245.49171,245.1672515869141,36.79731750488281,0.0
2020-05-29,220.7172088623047,243.94314575195312,218.7444610595703,242.34559631347656,242.34559631347656,15027397867.0,ETH-USD,250.81873,234.1147003173828,0.0,-8.473129272460938
2020-06-06,241.9080810546875,245.4352569580078,236.32525634765625,245.16725158691406,245.16725158691406,9544883157.0,ETH-USD,278.67114,242.53318786621094,0.0,-33.50389099121094
2020-06-07,245.17857360839844,246.64419555664062,241.5421905517578,246.30990600585938,246.30990600585938,8076783299.0,ETH-USD,277.5513,244.14215087890625,0.0,-31.24139404296875
2020-06-20,229.2161407470703,232.35894775390625,228.4929962158203,228.9898223876953,228.9898223876953,5600408178.0,ETH-USD,258.3442,241.51022338867188,29.354385375976562,0.0
2020-06-24,235.70285034179688,236.05340576171875,230.29660034179688,232.94448852539062,232.94448852539062,7010426122.0,ETH-USD,264.83368,240.9849853515625,31.889190673828125,0.0
2020-06-25,232.8774871826172,233.9019317626953,229.25946044921875,229.6680450439453,229.6680450439453,7187490226.0,ETH-USD,265.29178,239.4581756591797,35.62373352050781,0.0
2020-06-29,227.9684295654297,229.476806640625,224.815185546875,226.31500244140625,226.31500244140625,6094093001.0,ETH-USD,258.29623,238.42352294921875,31.981231689453125,0.0
2020-07-07,239.15997314453125,248.30886840820312,238.39837646484375,246.67001342773438,246.67001342773438,9892586411.0,ETH-USD,262.64697,274.6890563964844,15.976959228515625,0.0
2020-07-08,246.748291015625,247.2916717529297,239.89865112304688,243.01596069335938,243.01596069335938,8429099199.0,ETH-USD,267.68915,279.2154235839844,24.673187255859375,0.0
2020-07-09,242.86801147460938,242.8837890625,236.73052978515625,240.9849853515625,240.9849853515625,7281370522.0,ETH-USD,271.02472,304.0567626953125,30.03973388671875,0.0
2020-07-15,238.45091247558594,239.00625610351562,231.6211700439453,233.64088439941406,233.64088439941406,5832057567.0,ETH-USD,270.78653,345.5546569824219,37.14564514160156,0.0
2020-07-21,245.03726196289062,262.98504638671875,242.48434448242188,262.1906433105469,262.1906433105469,7702077383.0,ETH-USD,266.981,394.9619445800781,4.79034423828125,0.0
2020-07-22,262.3886413574219,277.5834655761719,261.0470886230469,274.6890563964844,274.6890563964844,10281309262.0,ETH-USD,274.49362,379.5128479003906,-0.1954345703125,0.0
2020-07-26,309.6579284667969,330.7012023925781,309.6579284667969,321.51409912109375,321.51409912109375,15644257058.0,ETH-USD,326.89667,380.3840637207031,5.382568359375,0.0
2020-07-29,318.1449890136719,338.6311950683594,315.7510986328125,334.5866394042969,334.5866394042969,11827689045.0,ETH-USD,360.65433,437.3978271484375,26.06768798828125,0.0
2020-08-07,379.55157470703125,393.98736572265625,377.3497314453125,393.98736572265625,393.98736572265625,9342060531.0,ETH-USD,440.47614,391.3844909667969,0.0,-46.48876953125
2020-08-12,390.8381042480469,432.90460205078125,379.71087646484375,428.7417907714844,428.7417907714844,18480303526.0,ETH-USD,443.99615,395.8746643066406,0.0,-15.254364013671875
2020-08-15,433.3505859375,436.2658386230469,415.08624267578125,433.78662109375,433.78662109375,12168816874.0,ETH-USD,467.78214,435.0797424316406,33.995513916015625,0.0
2020-08-19,406.7589111328125,418.73443603515625,404.0260925292969,416.4397888183594,416.4397888183594,10043032427.0,ETH-USD,473.76776,388.24114990234375,0.0,-57.327972412109375
2020-08-29,399.61669921875,428.6639709472656,399.6083679199219,428.3957214355469,428.3957214355469,11211948040.0,ETH-USD,432.8857,377.26885986328125,0.0,-4.489990234375
2020-09-02,440.239990234375,449.532470703125,381.12969970703125,385.67193603515625,385.67193603515625,19622845896.0,ETH-USD,487.4482,384.3645324707031,0.0,-101.77627563476562
2020-09-06,353.45025634765625,358.2118835449219,326.2543640136719,352.6734924316406,352.6734924316406,21763614732.0,ETH-USD,484.7303,344.503173828125,0.0,-132.05679321289062
2020-09-09,351.4293212890625,377.3935852050781,351.11175537109375,368.1018981933594,368.1018981933594,31421134556.0,ETH-USD,451.99368,352.161865234375,0.0,-83.89178466796875
2020-09-11,374.59539794921875,387.5384521484375,367.8421936035156,387.18310546875,387.18310546875,13295405814.0,ETH-USD,448.76083,357.3216857910156,0.0,-61.577728271484375
2020-09-13,365.6995849609375,384.4851989746094,357.56976318359375,377.26885986328125,377.26885986328125,17536695361.0,ETH-USD,438.9554,359.9634094238281,0.0,-61.686553955078125
2020-09-22,344.62249755859375,345.6355895996094,317.69207763671875,320.5855407714844,320.5855407714844,12047020995.0,ETH-USD,411.6961,351.4556579589844,91.11056518554688,0.0
2020-10-03,347.2724304199219,354.2533264160156,345.3987121582031,353.1219177246094,353.1219177246094,9308536486.0,ETH-USD,389.71194,379.93560791015625,36.59002685546875,0.0
2020-10-05,354.1377868652344,355.5040588378906,338.5202331542969,341.0211486816406,341.0211486816406,11497841885.0,ETH-USD,388.71808,392.1899719238281,47.696929931640625,0.0
2020-10-10,370.9284362792969,377.2467956542969,369.8280334472656,375.1420593261719,375.1420593261719,12584512533.0,ETH-USD,398.45053,393.8883056640625,23.3084716796875,0.0
2020-10-15,377.8684997558594,380.0215148925781,362.597412109375,366.22900390625,366.22900390625,14670784817.0,ETH-USD,420.91135,386.59033203125,54.682342529296875,0.0
2020-10-24,412.4576416015625,417.1592102050781,405.35064697265625,406.2177734375,406.2177734375,10890207469.0,ETH-USD,453.8923,444.1630554199219,47.674530029296875,0.0
2020-10-27,393.88818359375,409.7728576660156,390.60845947265625,403.9970397949219,403.9970397949219,13940434102.0,ETH-USD,457.2075,462.9605407714844,53.21044921875,0.0
2020-10-31,382.8200378417969,393.0101318359375,381.2952575683594,386.59033203125,386.59033203125,11276963426.0,ETH-USD,448.08536,447.55908203125,61.495025634765625,0.0
2020-11-10,444.1663818359375,453.75836181640625,439.6001281738281,449.67962646484375,449.67962646484375,12090381666.0,ETH-USD,488.31735,570.6866455078125,38.637725830078125,0.0
2020-11-20,471.6314697265625,513.6103515625,471.6314697265625,509.74456787109375,509.74456787109375,18629943296.0,ETH-USD,528.0166,596.595458984375,18.27203369140625,0.0
2020-11-24,608.5227661132812,621.1734008789062,593.8351440429688,603.8977661132812,603.8977661132812,23281758100.0,ETH-USD,616.89166,573.4791259765625,0.0,-12.993896484375
2020-11-25,603.9020385742188,605.0941772460938,559.67138671875,570.6866455078125,570.6866455078125,20088492893.0,ETH-USD,636.9412,559.6785278320312,0.0,-66.25457763671875
2020-11-26,570.514892578125,575.6414794921875,485.497314453125,518.8011474609375,518.8011474609375,31104004592.0,ETH-USD,652.5551,545.79736328125,133.75396728515625,0.0
2020-11-30,575.757080078125,615.2405395507812,571.5377807617188,614.842529296875,614.842529296875,20276867833.0,ETH-USD,634.7762,589.3555908203125,0.0,-19.93365478515625
2020-12-07,601.797119140625,602.9179077148438,585.4286499023438,591.8433837890625,591.8433837890625,10720480962.0,ETH-USD,644.9209,634.8541870117188,53.0775146484375,0.0
2020-12-14,589.782470703125,590.4929809570312,577.118408203125,586.0111694335938,586.0111694335938,8125837102.0,ETH-USD,604.15845,731.5201416015625,18.14727783203125,0.0
2020-12-17,636.1541748046875,673.834228515625,628.7493896484375,642.8689575195312,642.8689575195312,25479532147.0,ETH-USD,634.1856,730.3675537109375,-8.683349609375,0.0
2020-12-19,654.6242065429688,668.7695922851562,646.6162109375,659.2979125976562,659.2979125976562,12830893778.0,ETH-USD,670.02515,975.5076904296875,10.72723388671875,0.0
2020-12-29,730.3587036132812,737.952880859375,692.1494140625,731.5201416015625,731.5201416015625,18710683199.0,ETH-USD,728.1784,1130.7393798828125,-3.34173583984375,0.0
2021-01-01,737.7083740234375,749.2018432617188,719.792236328125,730.3675537109375,730.3675537109375,13652004358.0,ETH-USD,771.01483,1233.53759765625,40.64727783203125,0.0
2021-01-02,730.4026489257812,786.7984619140625,718.1094970703125,774.5349731445312,774.5349731445312,19740771179.0,ETH-USD,782.72485,1230.1722412109375,8.18988037109375,0.0
2021-01-04,977.058837890625,1153.189208984375,912.3053588867188,1040.2330322265625,1040.2330322265625,56945985763.0,ETH-USD,899.77216,1377.2958984375,-140.46087646484375,0.0
2021-01-11,1261.6229248046875,1261.6229248046875,924.922607421875,1090.1453857421875,1090.1453857421875,60733630300.0,ETH-USD,1337.6973,1357.05810546875,247.5518798828125,0.0
2021-01-15,1221.877197265625,1250.505859375,1090.7210693359375,1171.8345947265625,1171.8345947265625,35972039310.0,ETH-USD,1302.1233,1376.115478515625,130.2886962890625,0.0
2021-01-22,1118.8890380859375,1271.6876220703125,1046.5965576171875,1236.51220703125,1236.51220703125,43918338506.0,ETH-USD,1382.143,1677.8468017578125,145.6307373046875,0.0
2021-02-01,1314.855224609375,1373.8458251953125,1274.3577880859375,1369.04052734375,1369.04052734375,29210670920.0,ETH-USD,1431.7897,1781.0675048828125,62.7491455078125,0.0
2021-02-02,1369.505126953125,1542.990966796875,1362.771240234375,1515.1937255859375,1515.1937255859375,45437142801.0,ETH-USD,1445.5347,1848.458251953125,-69.6590576171875,0.0
2021-02-04,1661.170166015625,1689.1866455078125,1561.853515625,1594.7626953125,1594.7626953125,44396871836.0,ETH-USD,1524.9827,1960.1647949218752,-69.780029296875,0.0
2021-02-06,1717.7974853515625,1738.314453125,1649.0687255859375,1677.8468017578125,1677.8468017578125,39873420648.0,ETH-USD,1618.7142,1935.60107421875,-59.132568359375,0.0
2021-02-10,1768.039794921875,1826.69677734375,1686.5423583984375,1744.243408203125,1744.243408203125,41916084617.0,ETH-USD,1747.3899,1475.7037353515625,0.0,-3.146484375
2021-02-25,1625.3939208984375,1670.22412109375,1465.0589599609375,1475.7037353515625,1475.7037353515625,24481681873.0,ETH-USD,1772.58,1772.1024169921875,296.876220703125,0.0
2021-02-27,1446.929443359375,1524.932373046875,1433.7869873046875,1459.97314453125,1459.97314453125,20742103233.0,ETH-USD,1662.7333,1854.5643310546875,202.7601318359375,0.0
2021-03-07,1655.3924560546875,1730.9241943359375,1636.564453125,1723.15380859375,1723.15380859375,23809935410.0,ETH-USD,1534.4122,1691.333984375,0.0,188.7415771484375
2021-03-10,1868.489013671875,1873.80322265625,1766.490478515625,1799.166259765625,1799.166259765625,25154173185.0,ETH-USD,1649.288,1595.3592529296875,0.0,149.8782958984375
2021-03-13,1772.1663818359375,1937.6455078125,1733.639892578125,1924.6854248046875,1924.6854248046875,25014689475.0,ETH-USD,1724.8739,1691.35595703125,0.0,199.8115234375
2021-03-14,1923.86376953125,1930.77978515625,1845.1199951171875,1854.5643310546875,1854.5643310546875,19344589211.0,ETH-USD,1742.7988,1819.6849365234375,0.0,111.7655029296875
